cust_id,gender
3500,0.6224584138150642
3501,0.6244503514355751
3502,0.6234476516025276
3503,0.6231058179913346
3504,0.6237054083713713
3505,0.6236552533233735
3506,0.6239943662928711
3507,0.6237819840688841
3508,0.6236622438108159
3509,0.623019613571984
3510,0.624452295699749
3511,0.6240538954698442
3512,0.6232163065220377
3513,0.6240118541150501
3514,0.6238130629817709
3515,0.6239251326213038
3516,0.6244469361068424
3517,0.6234928830285795
3518,0.6234595035748495
3519,0.6228713639162308
3520,0.624167462036221
3521,0.6229125156371693
3522,0.6231406413434717
3523,0.6239403476773024
3524,0.6231264489846392
3525,0.6228102458059269
3526,0.6236989049675646
3527,0.6231301267875633
3528,0.623576624543797
3529,0.6237490828083183
3530,0.6239569832679721
3531,0.6235979956793263
3532,0.6233792784867411
3533,0.6235169022579092
3534,0.623328573119585
3535,0.6243344358175634
3536,0.6232418903876835
3537,0.6232589704322267
3538,0.6237191316625267
3539,0.6238363497529547
3540,0.623843322028844
3541,0.6240044718720696
3542,0.6237690675714362
3543,0.6236501498771341
3544,0.6234275984709068
3545,0.6235070251792572
3546,0.623700721619604
3547,0.6238762706988012
3548,0.622931081340902
3549,0.6243874819202648
3550,0.6235648123569059
3551,0.6231256370078737
3552,0.6231499653800554
3553,0.6246008833783124
3554,0.6234436190830002
3555,0.6230876748280518
3556,0.6237161624410013
3557,0.6240543819304103
3558,0.6232063722899714
3559,0.6236929983192259
3560,0.6234722585630084
3561,0.6235627735524336
3562,0.6235737247588011
3563,0.6235320978122888
3564,0.6231457922498369
3565,0.6232390547554181
3566,0.6245560927554159
3567,0.6231156122755646
3568,0.6235446089703467
3569,0.6228298542564867
3570,0.6235193962425146
3571,0.6236438691651494
3572,0.6229216767081913
3573,0.6235403977123004
3574,0.6246001699555401
3575,0.6228002693398846
3576,0.6236489157657722
3577,0.6234791815476506
3578,0.623502875268247
3579,0.6235865170174482
3580,0.6231519265730336
3581,0.6225342042378994
3582,0.622840274905624
3583,0.6235590941428883
3584,0.6231854133448458
3585,0.6235864981063333
3586,0.6243578809265427
3587,0.6233037250316834
3588,0.6239616819185232
3589,0.6229951126219965
3590,0.6229393842820208
3591,0.6229719757773418
3592,0.6236432739271165
3593,0.6229978207470399
3594,0.6236972585782815
3595,0.6227187605500575
3596,0.6237085340885012
3597,0.6230514079549738
3598,0.62357678092204
3599,0.6230384772034558
3600,0.6230486609282346
3601,0.6236430783327347
3602,0.6239070864015553
3603,0.6234165309411668
3604,0.6233650726082651
3605,0.6241076150718458
3606,0.6228289317631807
3607,0.6245069304893394
3608,0.6240484716603771
3609,0.6234334027686994
3610,0.6238138778817387
3611,0.6232220030672333
3612,0.6237324018554279
3613,0.6236664956175497
3614,0.6235126974207665
3615,0.6237325461974306
3616,0.623759809623823
3617,0.6232251563416786
3618,0.6235523865447662
3619,0.6238850378714187
3620,0.623321587755937
3621,0.6229435822502432
3622,0.6235965941962087
3623,0.6228636818365425
3624,0.6242664918883004
3625,0.6243261539754745
3626,0.6233840010884215
3627,0.6230792079510026
3628,0.6231039229725707
3629,0.6246339255287632
3630,0.6229361656663959
3631,0.6223406377382821
3632,0.6228850153580487
3633,0.6245400625162068
3634,0.6236284021598237
3635,0.624009938018153
3636,0.6231823126312341
3637,0.6235579092142698
3638,0.6237215188738421
3639,0.622781835068805
3640,0.6239907499861639
3641,0.6232080017081604
3642,0.6232465635136752
3643,0.6238028168531956
3644,0.6234828175784077
3645,0.6229925732133843
3646,0.6240810354782793
3647,0.6239493369435214
3648,0.6228034347926379
3649,0.6236811337078829
3650,0.6236101324889955
3651,0.6228608284116264
3652,0.6236950093119953
3653,0.6233931301165927
3654,0.6237490579787597
3655,0.6237723781556213
3656,0.6233405790745468
3657,0.6238567709364806
3658,0.6242180422812955
3659,0.6239863319811836
3660,0.6235274417402479
3661,0.6234443597499548
3662,0.6232864241279522
3663,0.6237992189103378
3664,0.6231125454073616
3665,0.6235281991111955
3666,0.6233892895985791
3667,0.6237851090471578
3668,0.6240964694956457
3669,0.6235824926625892
3670,0.6232620978306473
3671,0.6224163703409061
3672,0.6235218159733357
3673,0.6231839261095011
3674,0.6233061288819974
3675,0.6243961428684934
3676,0.6241277860313874
3677,0.622656419696711
3678,0.6236188133258527
3679,0.6233035186326581
3680,0.622996518414858
3681,0.6237701913572371
3682,0.6244409485022444
3683,0.6236797986475827
3684,0.6232263552566348
3685,0.6235199415374275
3686,0.6242008995262494
3687,0.6230695872592611
3688,0.6238373564671102
3689,0.6237068575616015
3690,0.6231012972258926
3691,0.623150678537413
3692,0.6229465522941218
3693,0.6228942732262148
3694,0.6238380940336041
3695,0.623232928314909
3696,0.622982183560244
3697,0.6232124883693391
3698,0.6238604142444195
3699,0.6230699375992799
3700,0.6232667125897912
3701,0.6237531819683911
3702,0.6234042775587139
3703,0.6229879288201049
3704,0.6232867933934648
3705,0.6235750871860009
3706,0.6237034706546234
3707,0.6247458379911728
3708,0.6245584955868775
3709,0.6231015450232102
3710,0.6237686227820283
3711,0.6244068412709105
3712,0.6236864131579404
3713,0.6231102321946524
3714,0.6238944720609658
3715,0.6245909466478887
3716,0.624393015051681
3717,0.6234451126919953
3718,0.623902368072444
3719,0.6244063441258998
3720,0.6233862352826007
3721,0.6236041783299633
3722,0.6238087240951232
3723,0.6244953693490023
3724,0.6236341969624037
3725,0.623937493039634
3726,0.6237541928886536
3727,0.623626350510349
3728,0.6241966424900437
3729,0.623875681100785
3730,0.6234215126383373
3731,0.6239051477336138
3732,0.6236423821970009
3733,0.6234703952345069
3734,0.6238470513627019
3735,0.6238203891688537
3736,0.6249816016090931
3737,0.6225996697448647
3738,0.6237318639888615
3739,0.6233061100713243
3740,0.6239464389399082
3741,0.6231524059794797
3742,0.6236373711417824
3743,0.6234224189383661
3744,0.6235083705466191
3745,0.6234618887179235
3746,0.6231987586527394
3747,0.623863735476177
3748,0.6244777957990044
3749,0.6231473478472928
3750,0.6234179713237049
3751,0.6235187923795793
3752,0.6235869395385769
3753,0.6223520780283223
3754,0.6234958283323965
3755,0.6225625351320326
3756,0.6236279381074564
3757,0.6229363231116423
3758,0.6239236820995957
3759,0.6229075674416296
3760,0.6234371965211956
3761,0.6244419409005599
3762,0.6237440586819247
3763,0.6250033910575169
3764,0.6224710549482505
3765,0.6240281439257557
3766,0.6236150930759425
3767,0.6236617048116968
3768,0.6231469426572493
3769,0.6236332316853135
3770,0.6227648798303771
3771,0.6238352983675979
3772,0.623434537454689
3773,0.6241691581101516
3774,0.6242806929338123
3775,0.6237660790146019
3776,0.6227703636597952
3777,0.6234827695314462
3778,0.6241857074542104
3779,0.623286976616775
3780,0.6231943244758177
3781,0.6231956467251654
3782,0.6241078235715178
3783,0.6240212487397152
3784,0.6230282591711938
3785,0.6232194301902287
3786,0.6235668518125372
3787,0.6224222910878543
3788,0.6231950659879115
3789,0.6234053012425786
3790,0.6242753437805544
3791,0.6245447036498907
3792,0.6243452850613607
3793,0.6229685911872562
3794,0.6237947679211469
3795,0.6246044971494944
3796,0.6235633483121759
3797,0.6227635077246326
3798,0.6238574021829545
3799,0.6231372672045904
3800,0.6242044149132056
3801,0.6236745288615031
3802,0.6246704483619469
3803,0.6236747340274045
3804,0.6230118465419711
3805,0.6228136422662669
3806,0.6236995438678448
3807,0.6247158209780785
3808,0.6228811031507545
3809,0.6241534267707564
3810,0.623376175487494
3811,0.6233845898492618
3812,0.622887738276921
3813,0.6241974809857567
3814,0.6236585188818722
3815,0.6228262172356898
3816,0.6229682971701731
3817,0.6234572897735314
3818,0.6246447641769834
3819,0.6235107450777073
3820,0.6230754203087625
3821,0.6225858305476194
3822,0.623209657782755
3823,0.6237902643646873
3824,0.624410392527146
3825,0.6239473840877938
3826,0.6242240355083857
3827,0.6234374864189675
3828,0.6237432647589886
3829,0.6237809735642785
3830,0.6232278195412329
3831,0.6240314443297469
3832,0.6238983609578079
3833,0.6234817988801832
3834,0.6240409187514244
3835,0.6241498362736454
3836,0.6241234058354396
3837,0.6235290567094669
3838,0.6234831896736558
3839,0.623412927862202
3840,0.6236701908254603
3841,0.6237114534005448
3842,0.6238567216477253
3843,0.6238675076007554
3844,0.6229662301105974
3845,0.6252324893995835
3846,0.6232958822793664
3847,0.6250535848348604
3848,0.6241309158816873
3849,0.6228093406224254
3850,0.6245011067989665
3851,0.6235116628129462
3852,0.6231238188953647
3853,0.6228729178761896
3854,0.6236900800669093
3855,0.6243126391520275
3856,0.6227737167786578
3857,0.6238399463177595
3858,0.6233201931481421
3859,0.6231835883495516
3860,0.6231589654408015
3861,0.6249191918155748
3862,0.622947681942908
3863,0.6232088411673252
3864,0.623214985426803
3865,0.6237075144842115
3866,0.6234705716465574
3867,0.6231441273341269
3868,0.623536008169227
3869,0.6234529630970223
3870,0.6242767682495571
3871,0.6234950523665377
3872,0.6232276550192934
3873,0.6238049651047567
3874,0.623413845090882
3875,0.6245165977075118
3876,0.6232467524488381
3877,0.6234949668201999
3878,0.6230920917971414
3879,0.6236102861262858
3880,0.6238564890714837
3881,0.624391810368916
3882,0.6229900991428361
3883,0.6236950599664406
3884,0.624454026620499
3885,0.6234356711586166
3886,0.623062553722896
3887,0.6230686685932493
3888,0.6234420159213026
3889,0.6238332399057742
3890,0.6239188385315406
3891,0.6236397871901311
3892,0.6252257343132566
3893,0.6247770178769922
3894,0.6245433022608737
3895,0.6246090030469009
3896,0.6243019173782615
3897,0.6238129550586908
3898,0.6237417567219956
3899,0.6237784139408704
3900,0.6235719426995125
3901,0.6233448742647644
3902,0.6236479119239521
3903,0.6237151875915601
3904,0.6233695007755773
3905,0.6229422191674269
3906,0.6232382451070609
3907,0.6241240322342896
3908,0.6233307588616334
3909,0.6232030089629981
3910,0.6242608893346147
3911,0.6238962548109408
3912,0.6230104815113987
3913,0.6236240051728201
3914,0.6238363718321573
3915,0.6236331958613477
3916,0.6236011415742837
3917,0.623687070772025
3918,0.6229795738789247
3919,0.623550798753961
3920,0.6231415357864318
3921,0.6228795712164952
3922,0.6230984789472631
3923,0.6224443900275407
3924,0.6236984605084943
3925,0.6235460473716248
3926,0.6231807921840812
3927,0.6244002296465123
3928,0.6238552546873837
3929,0.6239275377372013
3930,0.6233795383977294
3931,0.6244688208433249
3932,0.6242190588084224
3933,0.6232923223615392
3934,0.6232342675677913
3935,0.6236399472979375
3936,0.6241811783703815
3937,0.6241326987040814
3938,0.6235709017174986
3939,0.6232929317913871
3940,0.6235122355842235
3941,0.6244712781138749
3942,0.6245276521819788
3943,0.6240128163841501
3944,0.6246469988606504
3945,0.623232556398524
3946,0.623691725917185
3947,0.6241895850677408
3948,0.6233741970421515
3949,0.6234798465935304
3950,0.6234192874449702
3951,0.622865476886715
3952,0.6235091712459024
3953,0.6237269543827374
3954,0.6232335437470287
3955,0.6238410538016628
3956,0.624719283364364
3957,0.623646758687165
3958,0.6238443442792538
3959,0.6239286258182295
3960,0.6228918115557587
3961,0.6227869844575473
3962,0.6227116393851719
3963,0.6245341259809429
3964,0.6240352077175669
3965,0.6237967340034409
3966,0.6239943323569879
3967,0.6239266674874586
3968,0.6236274669180532
3969,0.6235743585612507
3970,0.6237154544193317
3971,0.6244953470624736
3972,0.6237068200517873
3973,0.6225774398121393
3974,0.6236601607993009
3975,0.6228335527273039
3976,0.6228134282685447
3977,0.6243663278363765
3978,0.6236292000465229
3979,0.6232422054505407
3980,0.6235045089551241
3981,0.623997372707541
3982,0.6248248044861717
3983,0.6231722480038486
3984,0.6231779173561967
3985,0.6240579565057286
3986,0.6244150420997634
3987,0.6239682324934162
3988,0.623768131758444
3989,0.6228984887974766
3990,0.6235696146134798
3991,0.6236854162198378
3992,0.6232435094226123
3993,0.6239150172523752
3994,0.6234531052183285
3995,0.6227489054844909
3996,0.6231125418361103
3997,0.6244325892217577
3998,0.623074741707311
3999,0.6227981708054535
4000,0.6235264758137367
4001,0.6226970267410181
4002,0.6235504883768936
4003,0.6235270001053499
4004,0.6231130457486631
4005,0.6239873866087021
4006,0.6237010530987857
4007,0.6235010747707576
4008,0.6240133667120777
4009,0.6236149202958898
4010,0.6233757789203944
4011,0.6237858191120619
4012,0.6235969160658847
4013,0.6232552236405645
4014,0.6239368380769075
4015,0.623600489784703
4016,0.6242314642777922
4017,0.6231795156340478
4018,0.6239697193930774
4019,0.6235235866025832
4020,0.6240519117097494
4021,0.6231989662757332
4022,0.6231595213275951
4023,0.6230875476304325
4024,0.6234561050340917
4025,0.6240667785437222
4026,0.6228725176510127
4027,0.6238990522836978
4028,0.6238753597808407
4029,0.6239283012441965
4030,0.6247264242802313
4031,0.6245012497123372
4032,0.6239114530449874
4033,0.6229774919876792
4034,0.6234017247187634
4035,0.6235304191555678
4036,0.6233569576733449
4037,0.6243155564449678
4038,0.6236094736942586
4039,0.6237456239433906
4040,0.6227832095200031
4041,0.6241146347038222
4042,0.6233742555941626
4043,0.6238212056575138
4044,0.623235506530224
4045,0.6220056341385138
4046,0.6227258541334839
4047,0.6234516398637587
4048,0.6236555887804343
4049,0.6229012519553399
4050,0.6236008428626048
4051,0.6239414285698455
4052,0.6236937239938036
4053,0.6232522493540845
4054,0.6235110055769605
4055,0.6235073801811182
4056,0.6237067525840074
4057,0.6235377398038391
4058,0.6231176793932044
4059,0.6233844622742581
4060,0.6238413385046562
4061,0.6236048567959925
4062,0.6228062170525377
4063,0.6235723303743219
4064,0.6236780749449871
4065,0.6228946205838838
4066,0.6241251466337019
4067,0.6236394138339213
4068,0.6243379890417887
4069,0.6230610870406812
4070,0.6238856737947526
4071,0.6230040980942853
4072,0.6245210455758538
4073,0.6243274364453135
4074,0.6235561759033796
4075,0.623075441529936
4076,0.6238433460327995
4077,0.6230090682142101
4078,0.6236754412585496
4079,0.6237315534435492
4080,0.6231240106285567
4081,0.6244235277379384
4082,0.6236840011819762
4083,0.6242459396419104
4084,0.6227325194693595
4085,0.6234853653068437
4086,0.6229453160098186
4087,0.6240347068960522
4088,0.6231536145221792
4089,0.6238868888818909
4090,0.6233301452042385
4091,0.6228434751329849
4092,0.6232135153849827
4093,0.6238766624718616
4094,0.6233788520845392
4095,0.6234098242774337
4096,0.6234491960396777
4097,0.6227881974586251
4098,0.6227976934756386
4099,0.6232310251384323
4100,0.6234117080887858
4101,0.6225937479164216
4102,0.624408999578233
4103,0.6232827287219346
4104,0.6236729326509709
4105,0.6237044443202993
4106,0.6247392833644214
4107,0.6234304643218826
4108,0.6234448622094273
4109,0.623149698473271
4110,0.6231655222155628
4111,0.6228957097638678
4112,0.6237254538360352
4113,0.6236712614938709
4114,0.6232296810249014
4115,0.6236403139207334
4116,0.6226301964964289
4117,0.6230452781931721
4118,0.6240018467399445
4119,0.6236102752284483
4120,0.6235458312643772
4121,0.6232132135666566
4122,0.6229869569855302
4123,0.6235940327325659
4124,0.6225851290087087
4125,0.6242690994777331
4126,0.6239856329449966
4127,0.6238321765334
4128,0.6244225064152322
4129,0.6228089069058218
4130,0.6237712382083428
4131,0.6229351136763976
4132,0.6236741015944252
4133,0.6234254407128725
4134,0.6236973197001217
4135,0.6239888651361447
4136,0.6238855469002843
4137,0.6234425171868271
4138,0.6230632588489637
4139,0.6237148212510095
4140,0.6238769582522246
4141,0.6237500474975483
4142,0.6236292648817383
4143,0.6240808745825654
4144,0.6233185262088198
4145,0.6233093516649431
4146,0.6231856585956035
4147,0.6236418512722415
4148,0.6236874419376666
4149,0.6235763749288137
4150,0.6243743603770868
4151,0.6233556814875394
4152,0.6233712593534981
4153,0.6231016725805507
4154,0.6225483306151232
4155,0.6232137930056997
4156,0.6240415710555678
4157,0.6233397137934326
4158,0.6234787373107049
4159,0.6245152349076576
4160,0.6235296065620028
4161,0.6239200564042502
4162,0.6234411303681592
4163,0.6233214582348166
4164,0.6227814706070967
4165,0.6235342697584092
4166,0.6233355147737104
4167,0.6232655359527925
4168,0.6231803948532985
4169,0.6235151625327304
4170,0.624177370992262
4171,0.6236015475308667
4172,0.6244435707440259
4173,0.6229824316678019
4174,0.6234915727393553
4175,0.62421677143361
4176,0.6230738319504571
4177,0.6240199823095647
4178,0.6230994671386441
4179,0.623686528719313
4180,0.6244377994571358
4181,0.6245260034298741
4182,0.6237916495913509
4183,0.6244339232872398
4184,0.6239829078715156
4185,0.6236535512067113
4186,0.6235338072707733
4187,0.6246561358131469
4188,0.6226032916406417
4189,0.624199910411645
4190,0.6239589643578494
4191,0.6232190410692908
4192,0.6229251374428852
4193,0.6244377793419997
4194,0.6236184153653517
4195,0.6227688113774281
4196,0.6230103232915858
4197,0.6240095670418973
4198,0.623161258959565
4199,0.6249564685914974
4200,0.6228747905610796
4201,0.6233187046833826
4202,0.6245037062904798
4203,0.6237068741306475
4204,0.6234092845549652
4205,0.6233546192451456
4206,0.6234918437486837
4207,0.6233196605539262
4208,0.6232224699386069
4209,0.623166191924438
4210,0.6238852397565327
4211,0.6239816547748182
4212,0.6230118036879622
4213,0.6238452868408915
4214,0.6238530508195
4215,0.6237409394120457
4216,0.6225096515079099
4217,0.6239143329661239
4218,0.6233397770496942
4219,0.6231373989019423
4220,0.6233893526636498
4221,0.6235271690815406
4222,0.6231386326898567
4223,0.624553954478636
4224,0.6233899890160874
4225,0.6237745148914728
4226,0.6241366230376797
4227,0.6236803929699845
4228,0.6231837225312712
4229,0.6234869982558913
4230,0.6238050303598826
4231,0.622861439451878
4232,0.6230912896698801
4233,0.6236219802287887
4234,0.6232279985262167
4235,0.6235453646412328
4236,0.6242544853798232
4237,0.6235609215572777
4238,0.6237215019526391
4239,0.6233309916980903
4240,0.6235897753797905
4241,0.6247903864786302
4242,0.6233963248716419
4243,0.624438132942516
4244,0.6234227544753161
4245,0.6234059375408691
4246,0.6230806525619871
4247,0.6228184772663543
4248,0.6235992503039985
4249,0.6233118482057092
4250,0.6251678643206633
4251,0.6243089208559833
4252,0.6235382994754419
4253,0.6232063335080712
4254,0.623204337054964
4255,0.6231614062226682
4256,0.6242762454896751
4257,0.6237916851558163
4258,0.6228657722452302
4259,0.6226817139912646
4260,0.622545165338542
4261,0.6236813984709988
4262,0.624388468123771
4263,0.6230939906356334
4264,0.6230887047452259
4265,0.6248027436255136
4266,0.6226987355346918
4267,0.6237518074574768
4268,0.6248480271983419
4269,0.6232548973745268
4270,0.6237953315408331
4271,0.6230891101228562
4272,0.6235860853295745
4273,0.6229864053461871
4274,0.623062197870786
4275,0.6232893261281723
4276,0.6238052172752844
4277,0.6238512902479559
4278,0.6236066854704061
4279,0.6228355676820612
4280,0.6235508018963052
4281,0.6232297137060305
4282,0.6232112518618317
4283,0.623815024420848
4284,0.6229056097142776
4285,0.6241908078607745
4286,0.6238465862736713
4287,0.6237537102796165
4288,0.6232961739194898
4289,0.6235809358901984
4290,0.6233022201884991
4291,0.6239919184155875
4292,0.6235013456752752
4293,0.623516445820947
4294,0.6250719159646546
4295,0.6232774358955522
4296,0.6229449325319975
4297,0.6235451854135593
4298,0.6245303786455667
4299,0.6234841228318244
4300,0.6246943426276624
4301,0.6230053898883243
4302,0.6246528047072355
4303,0.623142523739356
4304,0.6235856848762003
4305,0.6237676668762211
4306,0.6236591977714729
4307,0.6238473898090693
4308,0.6237253775073475
4309,0.6237878292408934
4310,0.6232444320819843
4311,0.6225922989759984
4312,0.6239375980385631
4313,0.6232590847993914
4314,0.6231896276101652
4315,0.6230882157268105
4316,0.6232940629821457
4317,0.6234578928571954
4318,0.6232203402491343
4319,0.623295642834262
4320,0.6246172261454119
4321,0.6232892257273772
4322,0.6228752480310829
4323,0.6237893357863493
4324,0.6234062372693767
4325,0.6236825651418686
4326,0.6231088744340794
4327,0.6236514803563662
4328,0.6234363665573506
4329,0.62474866931081
4330,0.6241300945866909
4331,0.6247826633225138
4332,0.6236419838122286
4333,0.6236358325347496
4334,0.6232116720660912
4335,0.6242515067792617
4336,0.6236886694675412
4337,0.6228677624383059
4338,0.6227015093923152
4339,0.624663122910754
4340,0.6237743003748082
4341,0.6237297568395666
4342,0.6228768649795149
4343,0.6236428347842438
4344,0.6228352743018646
4345,0.623957747514408
4346,0.6234343930541488
4347,0.6228101933327368
4348,0.6228200681865139
4349,0.6233485759516472
4350,0.6239447508870335
4351,0.6231244805503953
4352,0.6246063753874107
4353,0.6236336224911008
4354,0.6232332167801705
4355,0.623612303871
4356,0.6234971676358316
4357,0.623456619117011
4358,0.6238258080254762
4359,0.6238010017127111
4360,0.6220322341534721
4361,0.622999144150808
4362,0.6233087371118937
4363,0.6237152858670466
4364,0.6236258260135586
4365,0.6231370268946455
4366,0.6244899632566021
4367,0.6238797426987908
4368,0.6246396386923827
4369,0.6236662305693276
4370,0.6237358619144671
4371,0.6236379650952661
4372,0.6230059142947044
4373,0.6236690381102847
4374,0.6250865220054926
4375,0.6236278317752286
4376,0.623995594663614
4377,0.6237320607376022
4378,0.6238316793770389
4379,0.6231143534716512
4380,0.6234951135453044
4381,0.6235083704525461
4382,0.6233223465231112
4383,0.6237664742499893
4384,0.6229386614109216
4385,0.6238668694445644
4386,0.6232551559396856
4387,0.6235955549624685
4388,0.6237227634233521
4389,0.623630503985735
4390,0.6232389905200504
4391,0.6231929645014274
4392,0.6236651477412891
4393,0.6246260557587808
4394,0.6238595357556613
4395,0.6231273993580067
4396,0.623501936704622
4397,0.6242206576746185
4398,0.6235469991895861
4399,0.6246080593521594
4400,0.623229026705717
4401,0.6247268944659878
4402,0.6236185033500106
4403,0.6228122827877234
4404,0.6234490980212688
4405,0.6231331452246958
4406,0.6230688637699755
4407,0.6229453030989711
4408,0.6238099705868521
4409,0.6231663872565819
4410,0.6236869127399313
4411,0.6239407327953846
4412,0.6234989379293399
4413,0.6238003496379327
4414,0.6245901711146769
4415,0.623042301069034
4416,0.6233366151220445
4417,0.6238704955087557
4418,0.6236806750223831
4419,0.6231986524931628
4420,0.6236852458980999
4421,0.62361627689093
4422,0.6236984185095297
4423,0.6245979239002671
4424,0.6228801750415442
4425,0.623679242680657
4426,0.6229884565200714
4427,0.624472939911068
4428,0.6236649094780243
4429,0.6227020475133677
4430,0.6246431670796737
4431,0.6227937885991955
4432,0.623614787551371
4433,0.6231978928468185
4434,0.6236013995802034
4435,0.623021771811727
4436,0.6238018058612238
4437,0.6240622624266363
4438,0.6238838288128616
4439,0.6232010749076999
4440,0.6238857113149777
4441,0.6249714232189578
4442,0.623340567458887
4443,0.623629720591355
4444,0.6235679826376814
4445,0.623562031521461
4446,0.6232256323650089
4447,0.6240051650491145
4448,0.6235140492997574
4449,0.6234494120029888
4450,0.6236731475664318
4451,0.6231951478181958
4452,0.6229586990668032
4453,0.6235936542377327
4454,0.6243963616873103
4455,0.6243717217621079
4456,0.6234759724039084
4457,0.6234929911899079
4458,0.6235799823090196
4459,0.6237689574630965
4460,0.6244120158910409
4461,0.6236670532885598
4462,0.623257435309641
4463,0.6236899257237681
4464,0.6238723096703809
4465,0.6228989209125804
4466,0.6231290539914747
4467,0.6232406605813758
4468,0.6228834261022353
4469,0.623865322916695
4470,0.6233538549141378
4471,0.6238782279610047
4472,0.6231552137937013
4473,0.6239304709609101
4474,0.6245362412821414
4475,0.62295913960118
4476,0.6233846023787487
4477,0.6244612568490884
4478,0.6232655250583181
4479,0.6233142183767253
4480,0.62385911770406
4481,0.6246053225080987
4482,0.6230030380895083
4483,0.6231148442595278
4484,0.6238787322476402
4485,0.6231559559847697
4486,0.6235135765391095
4487,0.624578181037207
4488,0.6237220366267984
4489,0.6238067228555448
4490,0.6233385122635668
4491,0.6240704038248539
4492,0.6237127007917145
4493,0.6235924406086903
4494,0.6244380847661357
4495,0.6241712268232966
4496,0.6232926005252911
4497,0.6226280869458393
4498,0.6231385696011853
4499,0.6231814895575793
4500,0.6230283734830229
4501,0.6237917995979292
4502,0.6236565200253449
4503,0.6233347777991531
4504,0.6236832646592634
4505,0.6237285764550733
4506,0.6243893431342636
4507,0.6238858084564665
4508,0.6232916611760917
4509,0.6238327954895189
4510,0.6240019322916395
4511,0.624651799034199
4512,0.6234905983964215
4513,0.6236184941823608
4514,0.6235140360113318
4515,0.6236332087358416
4516,0.6239165686668156
4517,0.6235761803705102
4518,0.623133070510906
4519,0.6225816309199543
4520,0.6235843004482503
4521,0.6227697667315486
4522,0.6236882963909613
4523,0.6235624607594789
4524,0.6232026933535973
4525,0.6235888751597061
4526,0.623648001361423
4527,0.6244909149326151
4528,0.6234240760221211
4529,0.6242188198340821
4530,0.6236376921254874
4531,0.6235273486357138
4532,0.6247751491492767
4533,0.6235833071012697
4534,0.6230670483126823
4535,0.6234054879783429
4536,0.6236701720502955
4537,0.623119787621607
4538,0.622930933276679
4539,0.6238166210197296
4540,0.6233636079601665
4541,0.6241645402096259
4542,0.6243775781457349
4543,0.6236827114877166
4544,0.6244359685842154
4545,0.6231044697556773
4546,0.6238679129639172
4547,0.6231677420847385
4548,0.6245902214524397
4549,0.6236528026276758
4550,0.6233533490791598
4551,0.6236769828348887
4552,0.6238789575628287
4553,0.623709075961177
4554,0.6244866660837789
4555,0.6237825027078869
4556,0.624125581055142
4557,0.6237302855739709
4558,0.6230156472197241
4559,0.6233027332532981
4560,0.6237707906657328
4561,0.6246089720086939
4562,0.623817982906864
4563,0.624492493797401
4564,0.6237179127952307
4565,0.623637824547281
4566,0.6237400551432053
4567,0.6235631980624394
4568,0.6230276686763367
4569,0.6231888364536837
4570,0.6240741700959916
4571,0.6245241854752543
4572,0.6240207880751889
4573,0.6229207543383288
4574,0.6235831452774657
4575,0.6238758971650802
4576,0.6230985450002126
4577,0.6244807160020637
4578,0.6245707491254924
4579,0.6233748575624574
4580,0.6237107606166927
4581,0.6239142096630125
4582,0.6241895410813083
4583,0.6233214923322762
4584,0.6238167213065997
4585,0.623624736243942
4586,0.6236819663000321
4587,0.6233510347653851
4588,0.6242553272995945
4589,0.6237728461736387
4590,0.6237529104636621
4591,0.6242446212925666
4592,0.6234020359205124
4593,0.6232175710671286
4594,0.6232996447459708
4595,0.6232560258814945
4596,0.6238527810544634
4597,0.6228217476998421
4598,0.6244794370248596
4599,0.6243016009164944
4600,0.623145301682863
4601,0.623469577334533
4602,0.6231513620214788
4603,0.6242950940857652
4604,0.6236496756732901
4605,0.6234901723071956
4606,0.623256101772588
4607,0.6234079664301677
4608,0.6230117786085279
4609,0.6230693202323799
4610,0.6231731248569994
4611,0.6229444238007404
4612,0.6228106024179558
4613,0.6236109588814576
4614,0.6235324137839504
4615,0.6235955805606415
4616,0.6246050277739505
4617,0.623596153877561
4618,0.6235388877200658
4619,0.6239036662877999
4620,0.6238540105496719
4621,0.6235323445494731
4622,0.623266952930671
4623,0.6234412856561553
4624,0.624275045567949
4625,0.6236187800578381
4626,0.6230257230932876
4627,0.6232546125882783
4628,0.6237408266695903
4629,0.6238600629979225
4630,0.6248345680166787
4631,0.6229036080450778
4632,0.6237764462098325
4633,0.6233274282694645
4634,0.6244047166365677
4635,0.6235251408357088
4636,0.6240510968508046
4637,0.6239951758388834
4638,0.6244676351949983
4639,0.6246069423778631
4640,0.6234287942207589
4641,0.6234783744514842
4642,0.6231753374894593
4643,0.6231303002705901
4644,0.6240456222563943
4645,0.6237931230706901
4646,0.6236722984771372
4647,0.6233030852193474
4648,0.6236405361950406
4649,0.6237835525870659
4650,0.623127251008649
4651,0.6244345290801332
4652,0.6234868728441412
4653,0.6235000772480233
4654,0.6237150492502531
4655,0.6232083126925407
4656,0.623386835573934
4657,0.6232201692005713
4658,0.6235049290557759
4659,0.6238247746244779
4660,0.6236190005321742
4661,0.6231112300775765
4662,0.6236335099410395
4663,0.6234776634289931
4664,0.6235871505445783
4665,0.6227692581605333
4666,0.623267944216346
4667,0.6237394944087268
4668,0.6232465886089238
4669,0.6235309631227515
4670,0.623484107836143
4671,0.6235272178579323
4672,0.6232294549420374
4673,0.6241469709632476
4674,0.6234419768464443
4675,0.6231930035941788
4676,0.6233879600769942
4677,0.6236922545351034
4678,0.624048775552208
4679,0.6223848130437033
4680,0.6238483323300392
4681,0.623592057697058
4682,0.624318702013078
4683,0.6231633512119596
4684,0.6240054092567399
4685,0.6236553047666205
4686,0.623244149531438
4687,0.6240380298680329
4688,0.6231409092706526
4689,0.6234858457549888
4690,0.6244132783941123
4691,0.6237071218661943
4692,0.6236240562497617
4693,0.6239471245300923
4694,0.6231905932627847
4695,0.6237451944983028
4696,0.6239326634494395
4697,0.6240321511545515
4698,0.6231625041579609
4699,0.6243555410848036
4700,0.6235029883788691
4701,0.6234365136046441
4702,0.6244863094459783
4703,0.6238511298961109
4704,0.6231977516802274
4705,0.6230454732936499
4706,0.6229194501361882
4707,0.623148920521362
4708,0.623184698089465
4709,0.6231549904439574
4710,0.6230311320343263
4711,0.6241683863780336
4712,0.6228095484606269
4713,0.6235230750370325
4714,0.6227878678808177
4715,0.6227213873893224
4716,0.6236392866470226
4717,0.6243971086882822
4718,0.6228062459223582
4719,0.6242462418905578
4720,0.6238366982448238
4721,0.6237722789477775
4722,0.6237160808469648
4723,0.623102009717831
4724,0.6248773146116184
4725,0.6238410040763124
4726,0.6236620797701253
4727,0.6239361963255414
4728,0.6231103308938574
4729,0.623154617877341
4730,0.6236464279808757
4731,0.6238016098338899
4732,0.6232309103005322
4733,0.6231517964750073
4734,0.6238885841787012
4735,0.6242609430025576
4736,0.623676659815844
4737,0.623199459703625
4738,0.6231798265039266
4739,0.6235764934933021
4740,0.6233239337100172
4741,0.6238487406209495
4742,0.6244390726365496
4743,0.6232977682348831
4744,0.6237745654385961
4745,0.6234237946435003
4746,0.6236086078841128
4747,0.6240267574627173
4748,0.6227878791566048
4749,0.6235262918138548
4750,0.6230967212673824
4751,0.6235156231629428
4752,0.622857797246702
4753,0.6236510170026333
4754,0.6234905652735956
4755,0.623387226773622
4756,0.6231561274383177
4757,0.6237586049508382
4758,0.6234910925840225
4759,0.6231877977151085
4760,0.6231654599956549
4761,0.6227818037005882
4762,0.6230772912710615
4763,0.6237945392280051
4764,0.6237020800190096
4765,0.6234411718830956
4766,0.6228009093657622
4767,0.6232080757879649
4768,0.6236681339911332
4769,0.6235869184903766
4770,0.6235974907264825
4771,0.6235621641689363
4772,0.623247333288319
4773,0.6235237873512027
4774,0.6239134640402708
4775,0.6240734806461983
4776,0.6245418986834514
4777,0.6227618375349147
4778,0.6236586792146994
4779,0.6235905433063806
4780,0.6228391825034119
4781,0.6236794611132082
4782,0.6247328823469865
4783,0.6228254792509305
4784,0.6240357665713001
4785,0.6248937195642302
4786,0.6236510321433577
4787,0.6233770682991547
4788,0.6229274748088769
4789,0.6228935021536153
4790,0.6235666136629945
4791,0.6234222736125201
4792,0.6236955032279548
4793,0.6224863837643815
4794,0.6222820029885736
4795,0.6243404379884764
4796,0.6232920798982913
4797,0.6232395941554847
4798,0.6234980429195223
4799,0.6235674963725706
4800,0.6243986800499013
4801,0.6235754965097533
4802,0.6239171539723536
4803,0.6244504670399253
4804,0.6235600785715625
4805,0.6233564214857163
4806,0.6245446667867142
4807,0.6236102671105643
4808,0.6236480318324
4809,0.6228762378191881
4810,0.6229751535450214
4811,0.6237364353743029
4812,0.6235263589542579
4813,0.6235319665024948
4814,0.6230574343097088
4815,0.6230810131011648
4816,0.6230720574448056
4817,0.6235713067848381
4818,0.6232446329405378
4819,0.6230303024816726
4820,0.6231853564347736
4821,0.6235730992942294
4822,0.6243545616807169
4823,0.6234581869587102
4824,0.623731906777355
4825,0.6237223819002231
4826,0.6239050497998895
4827,0.6238093036015911
4828,0.6235785788133467
4829,0.6227990587093134
4830,0.6231961277112656
4831,0.6236648845324553
4832,0.624533765055058
4833,0.6228688540912739
4834,0.6244585636230713
4835,0.6236410154006301
4836,0.6233617150383628
4837,0.623601544132526
4838,0.622906311891475
4839,0.6232629168622574
4840,0.6237917069761832
4841,0.6232365133699973
4842,0.6237607073368321
4843,0.6232076857579738
4844,0.6236494702810956
4845,0.6242861978055144
4846,0.6228112395641741
4847,0.6234285545986153
4848,0.623706899807627
4849,0.6232107917709486
4850,0.623755674779543
4851,0.6236194852170103
4852,0.6228561859455218
4853,0.6223847771433619
4854,0.6237553941643881
4855,0.624630067032087
4856,0.6237107094186731
4857,0.6235353040603541
4858,0.6228127129721899
4859,0.6231223506071779
4860,0.6237159309904285
4861,0.6230071069455025
4862,0.6236051662863149
4863,0.6238055538808391
4864,0.6245815395512395
4865,0.6237039430912215
4866,0.6243192630924885
4867,0.6242055593734959
4868,0.6238439419008798
4869,0.6230946635155447
4870,0.6237467481546197
4871,0.6232388341402832
4872,0.6229523684479384
4873,0.6243524985841189
4874,0.6230376616730072
4875,0.6236704001891958
4876,0.6233076217606208
4877,0.6239412260665846
4878,0.623623621034217
4879,0.6231381094492653
4880,0.6236221669213287
4881,0.6229524373307578
4882,0.6228318903892907
4883,0.6242739850243073
4884,0.6240589857619627
4885,0.623649738259493
4886,0.6229970958472506
4887,0.6231185715964611
4888,0.623629311689542
4889,0.6243398225049129
4890,0.6237578187053412
4891,0.6232395498925827
4892,0.6231493209881598
4893,0.6230735517989493
4894,0.6245405198446778
4895,0.6230138535219658
4896,0.6235458643030197
4897,0.6235424211268714
4898,0.623992225667479
4899,0.6240453973158027
4900,0.6234010509599832
4901,0.6237367873005758
4902,0.6235672546445483
4903,0.6236862901293405
4904,0.623338577075971
4905,0.6231262467240555
4906,0.6228081901862077
4907,0.623203423847768
4908,0.624073925088946
4909,0.6237316623380526
4910,0.6238217337533873
4911,0.623727296150608
4912,0.6224683362176031
4913,0.6223308929182069
4914,0.623297504653846
4915,0.6244826574149585
4916,0.6233062609107531
4917,0.6247203786051014
4918,0.6235248008571921
4919,0.623314606477994
4920,0.6236882691402998
4921,0.6230553512023886
4922,0.6244838690854753
4923,0.6236219790583423
4924,0.6239281251090745
4925,0.6231380258171502
4926,0.6227070511876354
4927,0.6238713625788657
4928,0.6238886352829993
4929,0.6232195405728058
4930,0.6234217181386619
4931,0.6230370903301792
4932,0.6246695124660896
4933,0.6244497452837834
4934,0.6231629346848078
4935,0.6246135729840554
4936,0.6238863348574963
4937,0.6242556203169188
4938,0.6231489145840138
4939,0.623326818846663
4940,0.6240451172454953
4941,0.6240235553167066
4942,0.6245725591579385
4943,0.6232149330854508
4944,0.6237072836885093
4945,0.6237356897064572
4946,0.6231653758213558
4947,0.6239832603108045
4948,0.6228702568797868
4949,0.6236443178314177
4950,0.6227231411814469
4951,0.6239649419861879
4952,0.6238568970888877
4953,0.6243944445826555
4954,0.6237288095908076
4955,0.6225171286660796
4956,0.6234671151237443
4957,0.62336766775463
4958,0.6236276675328046
4959,0.6237783851749763
4960,0.6251537544000759
4961,0.6232427637280078
4962,0.6229651051109268
4963,0.6250970377836852
4964,0.623352612498415
4965,0.6237499857142343
4966,0.6225000041893101
4967,0.623662007399303
4968,0.6232752117473488
4969,0.6236387594452367
4970,0.6242657965266972
4971,0.623934714514643
4972,0.623177311062487
4973,0.6230191161418175
4974,0.6237851598060047
4975,0.6233293322177949
4976,0.6232714946174438
4977,0.6245226570739452
4978,0.62325136163016
4979,0.6224234913909902
4980,0.6235352334024313
4981,0.6246886550290083
4982,0.6235685658638405
4983,0.6234870402381099
4984,0.6237669138923101
4985,0.6230712978381021
4986,0.624093357531639
4987,0.6235854260962597
4988,0.6238482029054809
4989,0.6233399590376931
4990,0.6232823575116686
4991,0.6232554118888117
4992,0.6235411271482894
4993,0.6248408708880563
4994,0.6242561979308761
4995,0.6230101813227497
4996,0.6234630937873273
4997,0.6236570180707628
4998,0.623251979847014
4999,0.6247200722475013
5000,0.6232371016491572
5001,0.6230425447093
5002,0.6234856897121626
5003,0.6236046628339044
5004,0.6236427570372434
5005,0.6237456551576379
5006,0.62375328602988
5007,0.6230782033334242
5008,0.6236206784081497
5009,0.6231432893476223
5010,0.6231862403007872
5011,0.6228160240361592
5012,0.623116796249273
5013,0.6238641090556208
5014,0.6232762476925433
5015,0.6238212750935657
5016,0.6231263805645935
5017,0.6233108032708098
5018,0.6237357595479699
5019,0.6237856197830867
5020,0.6232103623708047
5021,0.6240286558381154
5022,0.6223381377312265
5023,0.6231959391212107
5024,0.6235201939375243
5025,0.6244467739629748
5026,0.6234666604596926
5027,0.6239075697646803
5028,0.6238851202358433
5029,0.6228619769679835
5030,0.6246045710185386
5031,0.6235352721138827
5032,0.6236098317972953
5033,0.6226461094028138
5034,0.6236665434148577
5035,0.6248095854794291
5036,0.6234795938733282
5037,0.6238190910437706
5038,0.6237798004719435
5039,0.6237907620945101
5040,0.6243629441775733
5041,0.6232784460203502
5042,0.6241239895287951
5043,0.6234471230566005
5044,0.6230625727082358
5045,0.6230065473582796
5046,0.6252314105125634
5047,0.6236085263991249
5048,0.6235471364093593
5049,0.6234052664757135
5050,0.6234214436649099
5051,0.6230806660819759
5052,0.6230624249807595
5053,0.6232723192649177
5054,0.6227045895863184
5055,0.6232655881711333
5056,0.6237687239420862
5057,0.6231769303208732
5058,0.6235742904752508
5059,0.6232847223753802
5060,0.6229291059353037
5061,0.6234599812226664
5062,0.6241871064376354
5063,0.6239091661975384
5064,0.6235610940833198
5065,0.6236837842723331
5066,0.6235528575653646
5067,0.6245163744867497
5068,0.6235684354468389
5069,0.624416682244655
5070,0.6235580025982732
5071,0.6236905024836291
5072,0.6235326824104412
5073,0.6230869925185175
5074,0.6238529208116128
5075,0.6234442569812213
5076,0.6236754718123871
5077,0.623385403967058
5078,0.6233920581687966
5079,0.6238645116311747
5080,0.6234611147479441
5081,0.6230418627917205
5082,0.6238453452753263
5083,0.6232097011377128
5084,0.6250765382602067
5085,0.6235385715822661
5086,0.6235321653543071
5087,0.623271727759995
5088,0.6227797754859816
5089,0.623902748299014
5090,0.6235080362683866
5091,0.6238830363124861
5092,0.6233231120416257
5093,0.623570142787559
5094,0.6226239121797446
5095,0.622583432497922
5096,0.6236470333012574
5097,0.6236240374651476
5098,0.6231040668807342
5099,0.6234688492229971
5100,0.6241727653265003
5101,0.6242273382071142
5102,0.6235619354117217
5103,0.6245057015115247
5104,0.623033891043051
5105,0.6235746727350422
5106,0.6235704370174537
5107,0.6237930424195133
5108,0.6230757382837766
5109,0.6233890917280496
5110,0.6230581333361176
5111,0.6242188430377376
5112,0.6236231587580512
5113,0.6238946990222203
5114,0.6234762621298372
5115,0.6234103399224631
5116,0.6234446851164911
5117,0.6238916135813724
5118,0.6238038931227438
5119,0.6237658685850161
5120,0.6231295577251443
5121,0.6233545760680226
5122,0.6240334603006055
5123,0.6235475476533561
5124,0.6226580521271761
5125,0.6235430177982506
5126,0.6244254372161872
5127,0.6230880705281665
5128,0.6244580459910154
5129,0.6237975674501209
5130,0.6244907589168517
5131,0.6234326513391995
5132,0.6236199723854889
5133,0.6242564853659374
5134,0.6234258497056919
5135,0.6236891157595685
5136,0.6236350327016527
5137,0.6236193083751622
5138,0.6232973402721637
5139,0.6242449541312116
5140,0.6237598386951874
5141,0.6235449005554425
5142,0.6242644791924381
5143,0.6234246074400897
5144,0.6222863422912741
5145,0.6237861096431456
5146,0.6232315889582892
5147,0.6228961700000677
5148,0.6225921080652571
5149,0.6228099769664317
5150,0.6245051138700737
5151,0.6229748794205061
5152,0.6235774203341868
5153,0.6235862939521644
5154,0.6237758055825784
5155,0.6244930218420012
5156,0.6237219763129662
5157,0.6237495707383929
5158,0.6244319109953783
5159,0.6236207128395003
5160,0.6228150063809067
5161,0.6238962529197867
5162,0.6232887555103968
5163,0.6236448286657821
5164,0.6235898583521389
5165,0.6235494470889744
5166,0.623507869583294
5167,0.6238228418482599
5168,0.6236029959673965
5169,0.6234080325287435
5170,0.6246085724022921
5171,0.6236201833605787
5172,0.6236292921993492
5173,0.6230083848704246
5174,0.6228458173390395
5175,0.6234496666045305
5176,0.623464594853363
5177,0.6233157846675978
5178,0.6239303550338531
5179,0.6233794862216815
5180,0.6245853853256381
5181,0.6238094215372697
5182,0.6237959871286489
5183,0.622953721637281
5184,0.6237006765508941
5185,0.6245747495478391
5186,0.6229099210491236
5187,0.6236458014410677
5188,0.6232150498735167
5189,0.6229309518390603
5190,0.6234857676627505
5191,0.6233857229367512
5192,0.6239822395502155
5193,0.6233740151424817
5194,0.6224859283629376
5195,0.6236562110194304
5196,0.6232395015317873
5197,0.6236941521842425
5198,0.6236130328190375
5199,0.6230763265017614
5200,0.6228941679875475
5201,0.6240645845186653
5202,0.6237714231429218
5203,0.6237135250642494
5204,0.6236244671221266
5205,0.6234395561116264
5206,0.6227518726011364
5207,0.6232219240941882
5208,0.6236146863041003
5209,0.6232823090452648
5210,0.6239534382107794
5211,0.6229563675335695
5212,0.6230698067441189
5213,0.6238560687486501
5214,0.6239004542980648
5215,0.6237025977986914
5216,0.6234520785787928
5217,0.6240218955335085
5218,0.6242862618853658
5219,0.6235110850762379
5220,0.6230370835170429
5221,0.6240331653425674
5222,0.6232166367637011
5223,0.6238707394503894
5224,0.623605865730175
5225,0.6236672964171435
5226,0.6240300071137386
5227,0.6232411357134722
5228,0.6235569305706886
5229,0.6237445685311596
5230,0.6230987461572637
5231,0.6234721557290743
5232,0.6230985803504117
5233,0.6231373077677809
5234,0.6232461138677114
5235,0.6236909687368338
5236,0.6248507173720088
5237,0.6236557585311078
5238,0.623339532015865
5239,0.6245674144631522
5240,0.6232060224214748
5241,0.6237068570557351
5242,0.6236511580846886
5243,0.6235048454551937
5244,0.6238942016359912
5245,0.6245411408702269
5246,0.6235926376807847
5247,0.6242191927101479
5248,0.6235698092224982
5249,0.6234701358189372
5250,0.6234189413275089
5251,0.6237880186322542
5252,0.6232857179460367
5253,0.6235784113618953
5254,0.6228789290413815
5255,0.6237373159400209
5256,0.6227467060632677
5257,0.6237994631642653
5258,0.6232424017054216
5259,0.6242270541031119
5260,0.6236673667682231
5261,0.623225512080609
5262,0.623531493576486
5263,0.6234226007996532
5264,0.6232681590314367
5265,0.6240640409520797
5266,0.6227325689286176
5267,0.6237343871712677
5268,0.6229873690575567
5269,0.6244319417110356
5270,0.6231841081465082
5271,0.6239180351537026
5272,0.6234332582839398
5273,0.6235217813984215
5274,0.6239254139612476
5275,0.6235818417817159
5276,0.6238438072322998
5277,0.623855248207702
5278,0.6235938558366272
5279,0.6235341497945008
5280,0.6236148069875576
5281,0.6237495259108634
5282,0.6242616089981013
5283,0.6239361951494284
5284,0.6243602057579313
5285,0.6239674824565395
5286,0.6230941549517983
5287,0.6233056050812276
5288,0.623549042769971
5289,0.6233090381860644
5290,0.6240443802291693
5291,0.623354947995837
5292,0.623564325075384
5293,0.6234885595094279
5294,0.6230596417909542
5295,0.623631516637034
5296,0.6237327879486891
5297,0.6239360030718033
5298,0.6236043484953224
5299,0.6236967694042224
5300,0.6239005958485196
5301,0.6236275436249779
5302,0.6237369329710808
5303,0.6232387581843878
5304,0.6235157024807446
5305,0.6235227274264918
5306,0.6235802764017722
5307,0.6236963040216156
5308,0.6230273689925886
5309,0.6236590681576675
5310,0.6246711023571494
5311,0.6232344120359155
5312,0.6233088801259932
5313,0.6236093392076063
5314,0.6225523785783831
5315,0.6243231019654488
5316,0.6234669206640934
5317,0.6235800700633275
5318,0.6227032167228008
5319,0.6234012007693464
5320,0.6235029399049754
5321,0.6230438901195586
5322,0.6243231499374371
5323,0.6245669287640085
5324,0.6232485695557827
5325,0.6235173885217251
5326,0.6229293317472382
5327,0.6232293316758281
5328,0.6231264486317872
5329,0.62364859142003
5330,0.6231733540176614
5331,0.6251099302968943
5332,0.6230054234651616
5333,0.6230036855693302
5334,0.6227158787024758
5335,0.6235348997285807
5336,0.6229121090107747
5337,0.6236170951790638
5338,0.6236796339543085
5339,0.6233494689786144
5340,0.6244859817824884
5341,0.6239821869774755
5342,0.6243400905077621
5343,0.6232519798357019
5344,0.622447749847183
5345,0.6235775013188833
5346,0.6228886308632595
5347,0.6231625616616923
5348,0.6245268709360009
5349,0.623291265275394
5350,0.6244011216959096
5351,0.6230394484755248
5352,0.6231961823335981
5353,0.6231136178428167
5354,0.6226775258478023
5355,0.6234139462482864
5356,0.6236169298565304
5357,0.6236923860841768
5358,0.622995092887695
5359,0.6239738801946471
5360,0.6229079268643227
5361,0.6241031442487948
5362,0.6232273919631731
5363,0.6226568410581221
5364,0.6239126546943834
5365,0.6234243493043709
5366,0.6232859646216228
5367,0.6234884635030329
5368,0.6232774420345497
5369,0.6234765809618509
5370,0.6234661244980024
5371,0.6229984187044688
5372,0.6232046025811377
5373,0.62297646959027
5374,0.624308288070155
5375,0.6239389209084377
5376,0.6221950166793246
5377,0.6240666162732533
5378,0.6244101278591364
5379,0.6245425045569315
5380,0.6232321856411225
5381,0.6230542487862085
5382,0.6235969132666359
5383,0.623779617865684
5384,0.6229298664028038
5385,0.6236091369956017
5386,0.6247221465889148
5387,0.6227043248386166
5388,0.6236168071110384
5389,0.6232885504534149
5390,0.6234202093131174
5391,0.6234396561120568
5392,0.6235155921175383
5393,0.6243056934814875
5394,0.623248119240111
5395,0.6231166053611612
5396,0.6238241112729017
5397,0.6242786404922345
5398,0.623933560435219
5399,0.6244842976661714
5400,0.6234991340195404
5401,0.6236595519360912
5402,0.6238446529892936
5403,0.6247441131250947
5404,0.6232390792463371
5405,0.6252283000495913
5406,0.6235517490188545
5407,0.623261453205743
5408,0.6246906024197256
5409,0.6240670131990071
5410,0.6227768407534857
5411,0.6239723072229575
5412,0.6237519204195846
5413,0.6236352092580403
5414,0.6233086078200312
5415,0.6250291635539262
5416,0.6228378743695506
5417,0.6231930490736668
5418,0.6234099691541574
5419,0.623090370272134
5420,0.6224206360314608
5421,0.6240408610306121
5422,0.6232479186061303
5423,0.6238716064467476
5424,0.6232335031983871
5425,0.62289156992579
5426,0.6237920401490857
5427,0.6230304564637767
5428,0.6234615279073537
5429,0.6235651868575842
5430,0.6242529082833985
5431,0.6236442695191555
5432,0.624083333717021
5433,0.6235285034448336
5434,0.623054813629477
5435,0.6237860157681596
5436,0.6241490732774281
5437,0.6234673755347335
5438,0.6237767145348596
5439,0.623418363094874
5440,0.6229011370672675
5441,0.6236640814694399
5442,0.6233602064701312
5443,0.623479696802349
5444,0.6230977845433652
5445,0.6236831542636017
5446,0.6235366703513078
5447,0.6237365225569658
5448,0.6230346432083229
5449,0.6231842363436106
5450,0.6228907208896737
5451,0.6232138292316342
5452,0.6239589950849915
5453,0.6246509950435484
5454,0.6235405038846851
5455,0.6237795880357844
5456,0.6242311771761568
5457,0.6239396823255121
5458,0.6237870838383861
5459,0.6237873601298456
5460,0.6229849309931699
5461,0.6237700285041275
5462,0.622591531175037
5463,0.6237543333398389
5464,0.6237084197051583
5465,0.6231775249890297
5466,0.6239500114542267
5467,0.6237797668480796
5468,0.6240271359244052
5469,0.6236245759368365
5470,0.6236668699151395
5471,0.62361952558129
5472,0.6240253506422978
5473,0.6241023318993068
5474,0.6237793296753404
5475,0.6231624103683502
5476,0.6233838235796605
5477,0.6241131967527793
5478,0.6234060973530049
5479,0.6241028479177668
5480,0.6239995046110013
5481,0.6234502448866126
5482,0.6234745175259175
5483,0.6233879219520639
5484,0.6244269858863265
5485,0.62281779697776
5486,0.6249194994246894
5487,0.6237577077126204
5488,0.6231424752450845
5489,0.6231698446262603
5490,0.6227405262746672
5491,0.6238489366677771
5492,0.623791308478205
5493,0.6239816904117266
5494,0.6237715639952137
5495,0.6236220466932185
5496,0.623688318469732
5497,0.6230476624476616
5498,0.6240310764407251
5499,0.6227439721827611
5500,0.6243182200093125
5501,0.6232806884175268
5502,0.6232739159832957
5503,0.6237802217416502
5504,0.62313494466284
5505,0.6233316716843251
5506,0.6235344180252437
5507,0.6229966939215581
5508,0.6225473210975302
5509,0.6234123728399309
5510,0.6231918028569652
5511,0.624282140029377
5512,0.6233899578609655
5513,0.6238424442779258
5514,0.6230843898510122
5515,0.6233352137403367
5516,0.623819253808209
5517,0.6232783908708049
5518,0.622939100518631
5519,0.6230863458215613
5520,0.6236395864460151
5521,0.6228152708121013
5522,0.6238585150017595
5523,0.6228815924314216
5524,0.6241629845974346
5525,0.623404592568163
5526,0.6231153438595868
5527,0.6238257174585277
5528,0.6228850049920178
5529,0.623478407142185
5530,0.6231642867591294
5531,0.623303325303229
5532,0.6227022450929176
5533,0.6230150172520552
5534,0.6244712279473864
5535,0.6246461568671838
5536,0.6236734938447066
5537,0.6246383649985315
5538,0.6237184160902769
5539,0.6229446119354379
5540,0.6238428409852768
5541,0.6236663299652823
5542,0.6232899911106852
5543,0.624104815904643
5544,0.6229783752840077
5545,0.6235517067767642
5546,0.6244891339450904
5547,0.6239444532879186
5548,0.6241021241740923
5549,0.6235596159299166
5550,0.6239915638800908
5551,0.6231966291015325
5552,0.6234656053073204
5553,0.6236917801404662
5554,0.6234009129009115
5555,0.6235326950628599
5556,0.623566823750173
5557,0.6234724346743392
5558,0.6235945751791278
5559,0.624447683213132
5560,0.623646905654508
5561,0.6229537383128547
5562,0.6237185498101392
5563,0.6234749759838598
5564,0.622827872760285
5565,0.6228751231999464
5566,0.6242340282207774
5567,0.6238238345928617
5568,0.6237168947674405
5569,0.6235986770465587
5570,0.6228455450520705
5571,0.6236822720523012
5572,0.6235218848112103
5573,0.623215392536332
5574,0.6236377822085848
5575,0.6243130516801837
5576,0.6230848221089949
5577,0.6238572070310053
5578,0.6237881328930313
5579,0.6238141758412812
5580,0.622984096416527
5581,0.6232276012913257
5582,0.6231838184576328
5583,0.62455338368402
5584,0.6231916416705559
5585,0.6228234144021432
5586,0.6231365592446191
5587,0.6235843399793689
5588,0.623495007003336
5589,0.6237341961232797
5590,0.6234870845135274
5591,0.6233963162918521
5592,0.6237027587840669
5593,0.6235447849247994
5594,0.6233712672223042
5595,0.6234456484495898
5596,0.6232941034361276
5597,0.623472495260366
5598,0.623679141847939
5599,0.6234835196685184
5600,0.623275257607657
5601,0.6237643597086976
5602,0.6231320842102124
5603,0.623562201591359
5604,0.6234444296940844
5605,0.6229803721166871
5606,0.6233138157735066
5607,0.6240473110080424
5608,0.6244523502632509
5609,0.6235163218566879
5610,0.6229747811442223
5611,0.6236685991921591
5612,0.623722215252946
5613,0.6238909945638077
5614,0.6227478177220673
5615,0.6236361336651695
5616,0.6237889603724045
5617,0.6232979710302244
5618,0.62242181719526
5619,0.6233819007267063
5620,0.6237388436771156
5621,0.6237862111819754
5622,0.6229859042032162
5623,0.623595690757482
5624,0.6235446385853636
5625,0.6236704831858688
5626,0.6235235083083526
5627,0.6243265622017583
5628,0.623680528627043
5629,0.6241455270705285
5630,0.62297692495484
5631,0.6233349701979132
5632,0.623833656875012
5633,0.6237081579777138
5634,0.6244595367073777
5635,0.6234675737916717
5636,0.6242817928629094
5637,0.62380571884289
5638,0.6235596015129241
5639,0.6230178632443376
5640,0.6229107070080109
5641,0.6236618307444446
5642,0.6235837235207755
5643,0.6232021671880321
5644,0.6233903901423462
5645,0.6242385964794195
5646,0.6235326497728979
5647,0.6235639487379765
5648,0.6239352196401788
5649,0.6230799862874172
5650,0.6237584777981602
5651,0.6234094620773463
5652,0.6234950616729353
5653,0.6235399383881821
5654,0.6245423707853823
5655,0.6239931206387054
5656,0.6230364187707369
5657,0.6226218718650116
5658,0.6236687875574102
5659,0.6235196598467353
5660,0.6229212321745852
5661,0.6243222191513402
5662,0.6244346309771699
5663,0.6236064419650897
5664,0.6226167038895736
5665,0.6231529881885925
5666,0.6238359029006334
5667,0.623057286352851
5668,0.623264417684851
5669,0.6237974403407855
5670,0.6248667943712471
5671,0.6236069368541759
5672,0.623736124767226
5673,0.6244366057275124
5674,0.6233398582723627
5675,0.6238029594558365
5676,0.6239683547388715
5677,0.6237601479403261
5678,0.6228135935867946
5679,0.6237096617592308
5680,0.6243017386835373
5681,0.6237326073045639
5682,0.6244538323075699
5683,0.6231850872293203
5684,0.6234977797038801
5685,0.6231770599432838
5686,0.6234033961231106
5687,0.6233423501593255
5688,0.6229602591804937
5689,0.6232276881468342
5690,0.6228423762238079
5691,0.623745942868142
5692,0.6231462493206381
5693,0.6236756791310887
5694,0.6238748268075702
5695,0.6236353601241484
5696,0.6243844844033093
5697,0.6238085091137473
5698,0.6226611542319702
5699,0.6246293918737902
5700,0.6242488452793115
5701,0.6245506678597472
5702,0.6236215336657276
5703,0.6235323569991456
5704,0.6252306261087139
5705,0.6240571909589654
5706,0.6227680206765789
5707,0.6252822780534273
5708,0.6238244360508765
5709,0.6226766389272023
5710,0.6228415316044222
5711,0.6235956743965168
5712,0.6239635479133296
5713,0.6234572286961706
5714,0.6227930017095527
5715,0.6230946773700491
5716,0.6238565785027903
5717,0.6231067125821497
5718,0.6234767782378027
5719,0.6235693418622813
5720,0.6236989164865514
5721,0.6239895297724465
5722,0.6236366576354722
5723,0.6234095012489087
5724,0.6244671374742274
5725,0.6236039246718825
5726,0.6239203543163976
5727,0.6234588141542977
5728,0.6237406126200065
5729,0.6235726658678367
5730,0.6230440995292383
5731,0.6236498160923136
5732,0.6236096561309836
5733,0.6232606341964169
5734,0.6232194317720802
5735,0.6231332640001626
5736,0.6234769061868735
5737,0.623611088004043
5738,0.6229805279301877
5739,0.6237562122197089
5740,0.6231107773707377
5741,0.623071996264511
5742,0.6237845445033561
5743,0.6228722496701263
5744,0.6232613352598382
5745,0.6235584443888957
5746,0.6233348082875397
5747,0.6249271509585166
5748,0.6234795402785955
5749,0.6235947317076553
5750,0.6235040955824536
5751,0.6228387191726708
5752,0.6234432554896103
5753,0.6241780877848236
5754,0.6241129720435019
5755,0.6242488844197672
5756,0.6234563132611586
5757,0.6230146463982855
5758,0.6229602646222103
5759,0.6244639269644849
5760,0.6227056530792219
5761,0.6238174488474334
5762,0.6230604892153292
5763,0.6233821803355815
5764,0.6231417208074665
5765,0.6230405166482533
5766,0.6244132501903763
5767,0.6244511254305627
5768,0.6235933841068622
5769,0.6228149004926133
5770,0.6223525729335495
5771,0.6231513462748075
5772,0.6236835808686798
5773,0.6238710011098423
5774,0.622767418042929
5775,0.6237294705126433
5776,0.6238010670449075
5777,0.6226636782763333
5778,0.6232240299930984
5779,0.6231522550255627
5780,0.6237076168163826
5781,0.624280407043353
5782,0.6230427824652569
5783,0.6237078359383813
5784,0.6235314895917583
5785,0.6236475459332561
5786,0.6237326718748006
5787,0.6238494418610689
5788,0.6230562917747894
5789,0.6242632965186298
5790,0.6230790773711632
5791,0.6243914016725596
5792,0.6233328810237853
5793,0.6241462582716963
5794,0.6231383126853886
5795,0.6235810347977546
5796,0.6245193511768864
5797,0.6232908091413643
5798,0.6228741141405356
5799,0.6240210600100417
5800,0.6244355386686957
5801,0.6247117422088707
5802,0.6236897322567262
5803,0.623887700979119
5804,0.6235897930711265
5805,0.6244119364633425
5806,0.6244733112688943
5807,0.6233455191257147
5808,0.6235008040276036
5809,0.6236612755581243
5810,0.6237383424723469
5811,0.6236598823103032
5812,0.62317408653026
5813,0.6223773132552051
5814,0.6234799302769796
5815,0.6237934567707435
5816,0.6243909235854959
5817,0.6235098444932946
5818,0.6233993990455802
5819,0.6232138516149353
5820,0.6233428469564926
5821,0.6230279329145145
5822,0.6231408943814856
5823,0.6236917179299355
5824,0.6244567169229968
5825,0.6229368351666735
5826,0.6231938185104153
5827,0.6233702685492024
5828,0.6242360144248269
5829,0.6236495169970664
5830,0.6231388265958528
5831,0.6234008796577106
5832,0.6225305234584113
5833,0.6238673511526589
5834,0.6242193750380067
5835,0.6238100934966913
5836,0.6225093300276152
5837,0.6241831807832674
5838,0.6225940056532125
5839,0.6233269016594889
5840,0.6237931594373113
5841,0.6228104427694796
5842,0.6230815660673001
5843,0.6231449651781837
5844,0.6234167904123824
5845,0.623382521126226
5846,0.6234262488353994
5847,0.6230736039937177
5848,0.6229794372341931
5849,0.6244621552040374
5850,0.6232058507142479
5851,0.6245027859383396
5852,0.6234614515327676
5853,0.6236215893680752
5854,0.6243662077848448
5855,0.6234856136692819
5856,0.6231630140334908
5857,0.6240296696284442
5858,0.6245909826209718
5859,0.62367235561601
5860,0.6237226064220445
5861,0.6237936261405849
5862,0.6232230056795537
5863,0.6238886543736397
5864,0.6226502046183331
5865,0.6233860595382185
5866,0.6232187866475514
5867,0.6242721511918969
5868,0.6231015176644581
5869,0.6230713081841612
5870,0.6232559351480322
5871,0.6232443454685357
5872,0.623451153571194
5873,0.6236703045909948
5874,0.623714623614385
5875,0.623384190364349
5876,0.6228262074210341
5877,0.6234667592997223
5878,0.6231144638782078
5879,0.6232394003674981
5880,0.6222905820651696
5881,0.6228715216058531
5882,0.6235385346509252
5883,0.6229464921126524
5884,0.6245196159894495
5885,0.6236088441083875
5886,0.6235131611562814
5887,0.6225628661303961
5888,0.6246070687684622
5889,0.6220430500799075
5890,0.6239025209853757
5891,0.6229108033407192
5892,0.6238497758056066
5893,0.6236015204710262
5894,0.6229544266576654
5895,0.623770170376156
5896,0.6225328155598522
5897,0.6238060093973001
5898,0.6240306524265674
5899,0.623536308262812
5900,0.6234668420249201
5901,0.6237164238494386
5902,0.6231534595624537
5903,0.623500164943079
5904,0.6238867718753798
5905,0.6233943737310681
5906,0.6231921142254253
5907,0.6235528797944402
5908,0.6237517594483506
5909,0.6237787690141443
5910,0.6245338794029424
5911,0.6239121695273868
5912,0.6238008457294724
5913,0.6244037304252341
5914,0.6249849302183603
5915,0.6245546781076579
5916,0.6235202162159439
5917,0.622964422061105
5918,0.6232527766911011
5919,0.6233223130403075
5920,0.623207246774322
5921,0.6235648606041182
5922,0.6232178896232612
5923,0.6236479960803885
5924,0.6234104576177166
5925,0.6244770447138208
5926,0.6236948186850997
5927,0.6238395257743432
5928,0.6247414150136628
5929,0.6234915544176421
5930,0.6235369154989977
5931,0.6244990663577525
5932,0.6238766099291737
5933,0.6246635250787722
5934,0.6241177414124635
5935,0.6233901962837831
5936,0.6234333731645321
5937,0.623368071307574
5938,0.6234215884073977
5939,0.623366242798411
5940,0.623682026457796
5941,0.6230637314531657
5942,0.6236538808870483
5943,0.6227702790992542
5944,0.62384541428639
5945,0.6234439397680334
5946,0.6234813719378975
5947,0.6242590143676449
5948,0.6228927779172284
5949,0.6246578994677923
5950,0.623350854928497
5951,0.6237934876143995
5952,0.6233162246987434
5953,0.6234118758106167
5954,0.6244744534451714
5955,0.623750894267592
5956,0.6234513519593025
5957,0.6243739382024796
5958,0.6235623573477949
5959,0.6246928104349894
5960,0.623144599772609
5961,0.6238295690664457
5962,0.6242412414397872
5963,0.6236240494281655
5964,0.6225691873043784
5965,0.6235351716216992
5966,0.6222580689275019
5967,0.6239430371447916
5968,0.6233951453884421
5969,0.622888187640737
5970,0.6237719057466011
5971,0.6226638534468688
5972,0.6232834594714842
5973,0.6235249564695986
5974,0.622914024740899
5975,0.6236119671407461
5976,0.6237981355685085
5977,0.622550232815435
5978,0.6235039619753207
5979,0.6225882713941746
5980,0.62328997393022
5981,0.6231582018204973
