,Churn,pred,prob_No,prob_Yes
5909,No,No,0.9814814814814815,0.018518518518518517
3670,No,No,0.9210526315789473,0.07894736842105263
6220,No,No,0.9801277501774308,0.0198722498225692
5905,No,Yes,0.08695652173913043,0.9130434782608695
6435,No,No,0.9814814814814815,0.018518518518518517
2516,Yes,Yes,0.28735632183908044,0.7126436781609196
3329,No,No,0.8503401360544217,0.14965986394557823
2320,No,No,0.9801277501774308,0.0198722498225692
4366,No,Yes,0.28735632183908044,0.7126436781609196
6363,No,Yes,0.49056603773584906,0.5094339622641509
5474,No,Yes,0.08695652173913043,0.9130434782608695
2681,No,No,0.9801277501774308,0.0198722498225692
3792,Yes,No,0.6282051282051282,0.3717948717948718
5585,Yes,No,0.6864406779661016,0.3135593220338983
6332,No,No,0.9416058394160584,0.058394160583941604
3463,No,Yes,0.4351145038167939,0.5648854961832062
6185,No,Yes,0.0,1.0
338,No,No,1.0,0.0
5691,No,No,0.9801277501774308,0.0198722498225692
1040,Yes,Yes,0.42857142857142855,0.5714285714285714
6346,Yes,Yes,0.0,1.0
628,No,No,0.9416058394160584,0.058394160583941604
2413,No,No,0.9801277501774308,0.0198722498225692
5012,No,No,0.9210526315789473,0.07894736842105263
3245,Yes,No,0.6282051282051282,0.3717948717948718
5066,No,No,0.8756218905472637,0.12437810945273632
1750,No,No,0.9814814814814815,0.018518518518518517
2505,No,No,0.9801277501774308,0.0198722498225692
1552,No,No,0.8756218905472637,0.12437810945273632
2789,No,No,0.7559055118110236,0.2440944881889764
2350,No,Yes,0.27380952380952384,0.7261904761904762
3320,No,No,0.8561151079136691,0.14388489208633093
1661,No,No,1.0,0.0
1448,No,No,0.9210526315789473,0.07894736842105263
4638,Yes,Yes,0.27380952380952384,0.7261904761904762
1184,No,No,0.7559055118110236,0.2440944881889764
1577,Yes,No,0.9206349206349206,0.07936507936507936
4077,No,Yes,0.11570247933884298,0.8842975206611571
2565,No,No,0.9801277501774308,0.0198722498225692
5103,No,No,0.9801277501774308,0.0198722498225692
991,No,No,0.9801277501774308,0.0198722498225692
4038,No,No,0.9801277501774308,0.0198722498225692
2919,No,No,0.8756218905472637,0.12437810945273632
346,Yes,Yes,0.2978723404255319,0.7021276595744681
3152,No,No,0.8354430379746836,0.16455696202531644
6777,No,Yes,0.0,1.0
260,Yes,Yes,0.0,1.0
743,No,No,0.9801277501774308,0.0198722498225692
1073,Yes,Yes,0.11570247933884298,0.8842975206611571
1654,No,No,0.9801277501774308,0.0198722498225692
4733,No,Yes,0.25,0.75
958,No,No,0.8561151079136691,0.14388489208633093
2923,No,No,0.7559055118110236,0.2440944881889764
2457,No,No,0.9814814814814815,0.018518518518518517
4249,No,No,0.8756218905472637,0.12437810945273632
1439,Yes,Yes,0.49056603773584906,0.5094339622641509
6779,No,No,0.6774193548387096,0.3225806451612903
4112,No,No,0.6774193548387096,0.3225806451612903
16,No,No,0.9801277501774308,0.0198722498225692
1595,Yes,Yes,0.49056603773584906,0.5094339622641509
3419,No,No,0.9814814814814815,0.018518518518518517
1462,No,No,0.9801277501774308,0.0198722498225692
479,Yes,No,0.7857142857142857,0.21428571428571427
3978,No,Yes,0.2978723404255319,0.7021276595744681
1861,Yes,Yes,0.4909090909090909,0.509090909090909
6948,No,Yes,0.3333333333333333,0.6666666666666666
2447,No,Yes,0.49056603773584906,0.5094339622641509
5871,Yes,No,0.8561151079136691,0.14388489208633093
3291,No,No,0.8561151079136691,0.14388489208633093
5039,Yes,Yes,0.07692307692307693,0.9230769230769231
1688,No,No,0.9801277501774308,0.0198722498225692
5524,No,No,0.9801277501774308,0.0198722498225692
1143,No,No,0.8503401360544217,0.14965986394557823
4559,No,No,0.9210526315789473,0.07894736842105263
5218,No,No,0.9801277501774308,0.0198722498225692
6664,No,No,1.0,0.0
2590,No,No,0.5714285714285714,0.42857142857142855
3473,Yes,No,0.5555555555555556,0.4444444444444444
3918,Yes,No,0.6282051282051282,0.3717948717948718
747,No,No,0.7857142857142857,0.21428571428571427
5725,No,No,0.9801277501774308,0.0198722498225692
439,No,No,0.6864406779661016,0.3135593220338983
3742,No,No,0.8,0.2
6633,Yes,Yes,0.08695652173913043,0.9130434782608695
3579,No,Yes,0.4351145038167939,0.5648854961832062
6308,No,Yes,0.0,1.0
4653,Yes,No,1.0,0.0
5595,No,No,0.9615384615384616,0.038461538461538464
6650,No,No,0.9210526315789473,0.07894736842105263
3216,Yes,Yes,0.4909090909090909,0.509090909090909
5274,No,No,0.7021276595744681,0.2978723404255319
3701,No,No,0.9801277501774308,0.0198722498225692
1014,Yes,No,0.7272727272727273,0.2727272727272727
5470,No,No,0.9814814814814815,0.018518518518518517
1972,No,No,0.5416666666666666,0.4583333333333333
3024,No,No,0.9210526315789473,0.07894736842105263
4087,No,No,0.9210526315789473,0.07894736842105263
1566,No,No,0.9814814814814815,0.018518518518518517
3799,Yes,No,0.8561151079136691,0.14388489208633093
2448,Yes,Yes,0.11570247933884298,0.8842975206611571
6419,No,No,0.7559055118110236,0.2440944881889764
5943,Yes,Yes,0.08695652173913043,0.9130434782608695
3649,No,No,0.9801277501774308,0.0198722498225692
6847,No,No,0.5454545454545454,0.45454545454545453
2967,No,No,0.9416058394160584,0.058394160583941604
6571,No,No,0.9801277501774308,0.0198722498225692
791,No,No,0.9801277501774308,0.0198722498225692
2568,No,No,0.9801277501774308,0.0198722498225692
3837,Yes,No,1.0,0.0
4104,No,No,0.9375,0.0625
517,No,No,0.7857142857142857,0.21428571428571427
6919,No,No,0.6774193548387096,0.3225806451612903
1059,Yes,Yes,0.28735632183908044,0.7126436781609196
113,Yes,Yes,0.4351145038167939,0.5648854961832062
880,Yes,Yes,0.25,0.75
2224,Yes,No,0.8,0.2
1443,No,No,1.0,0.0
6097,No,No,0.9801277501774308,0.0198722498225692
6925,No,No,0.9801277501774308,0.0198722498225692
4492,No,No,0.9801277501774308,0.0198722498225692
4934,No,No,0.9416058394160584,0.058394160583941604
1441,No,No,0.8354430379746836,0.16455696202531644
213,No,No,0.9801277501774308,0.0198722498225692
648,Yes,Yes,0.23076923076923078,0.7692307692307693
3905,Yes,Yes,0.0,1.0
3831,Yes,No,0.9801277501774308,0.0198722498225692
2704,No,No,0.9814814814814815,0.018518518518518517
5801,No,Yes,0.4351145038167939,0.5648854961832062
1171,Yes,No,0.8354430379746836,0.16455696202531644
3834,Yes,No,0.9801277501774308,0.0198722498225692
4770,No,No,0.9801277501774308,0.0198722498225692
185,Yes,Yes,0.3977272727272727,0.6022727272727273
2139,No,Yes,0.0,1.0
195,No,No,0.6282051282051282,0.3717948717948718
2231,Yes,Yes,0.49056603773584906,0.5094339622641509
3067,Yes,Yes,0.2978723404255319,0.7021276595744681
2118,No,No,0.6282051282051282,0.3717948717948718
4947,Yes,Yes,0.28735632183908044,0.7126436781609196
3404,No,No,0.9801277501774308,0.0198722498225692
1639,Yes,No,0.8503401360544217,0.14965986394557823
3174,No,No,0.9814814814814815,0.018518518518518517
6727,No,No,1.0,0.0
2490,No,No,0.9416058394160584,0.058394160583941604
342,No,No,1.0,0.0
5587,No,No,0.8756218905472637,0.12437810945273632
6133,No,Yes,0.3977272727272727,0.6022727272727273
6365,Yes,Yes,0.11570247933884298,0.8842975206611571
5571,No,No,0.9814814814814815,0.018518518518518517
1557,No,No,0.8561151079136691,0.14388489208633093
1366,Yes,Yes,0.11570247933884298,0.8842975206611571
2880,No,Yes,0.42857142857142855,0.5714285714285714
3669,No,No,0.8,0.2
1001,Yes,No,1.0,0.0
6752,No,No,0.9801277501774308,0.0198722498225692
6718,Yes,Yes,0.23076923076923078,0.7692307692307693
4312,No,No,0.8756218905472637,0.12437810945273632
2488,Yes,No,0.8503401360544217,0.14965986394557823
3443,No,No,1.0,0.0
868,Yes,No,0.9814814814814815,0.018518518518518517
1573,No,No,0.9206349206349206,0.07936507936507936
5389,No,No,0.6,0.4
3277,No,No,0.9801277501774308,0.0198722498225692
717,No,Yes,0.3,0.7
5430,Yes,No,1.0,0.0
1477,Yes,No,0.9206349206349206,0.07936507936507936
4541,Yes,Yes,0.4909090909090909,0.509090909090909
437,No,No,0.9416058394160584,0.058394160583941604
1730,Yes,No,1.0,0.0
4572,No,No,0.6086956521739131,0.391304347826087
552,No,No,0.9801277501774308,0.0198722498225692
5681,No,No,0.8756218905472637,0.12437810945273632
2927,No,Yes,0.08695652173913043,0.9130434782608695
3172,Yes,No,0.6282051282051282,0.3717948717948718
503,No,No,0.9722222222222222,0.027777777777777776
6181,No,No,0.9206349206349206,0.07936507936507936
3893,No,No,0.9375,0.0625
4651,Yes,Yes,0.42857142857142855,0.5714285714285714
4032,No,No,1.0,0.0
1851,Yes,Yes,0.0,1.0
4281,No,No,1.0,0.0
3664,No,Yes,0.0,1.0
6509,Yes,Yes,0.4909090909090909,0.509090909090909
2096,Yes,No,0.6864406779661016,0.3135593220338983
128,No,No,0.6864406779661016,0.3135593220338983
6804,No,No,0.6470588235294118,0.35294117647058826
1774,No,Yes,0.3977272727272727,0.6022727272727273
1144,Yes,Yes,0.0,1.0
531,No,No,0.9801277501774308,0.0198722498225692
5487,No,No,0.9801277501774308,0.0198722498225692
3162,No,No,1.0,0.0
2099,No,No,0.9722222222222222,0.027777777777777776
2759,No,No,0.6864406779661016,0.3135593220338983
3392,No,No,0.9814814814814815,0.018518518518518517
3563,No,Yes,0.0,1.0
1162,No,No,0.9801277501774308,0.0198722498225692
2168,Yes,Yes,0.27380952380952384,0.7261904761904762
510,No,Yes,0.0,1.0
4743,No,No,0.9814814814814815,0.018518518518518517
3682,Yes,Yes,0.08695652173913043,0.9130434782608695
5392,No,No,0.9814814814814815,0.018518518518518517
2954,Yes,Yes,0.23076923076923078,0.7692307692307693
3242,No,No,0.9801277501774308,0.0198722498225692
6628,No,No,0.8354430379746836,0.16455696202531644
5360,Yes,Yes,0.0,1.0
5727,No,No,0.9416058394160584,0.058394160583941604
6429,No,No,0.9801277501774308,0.0198722498225692
142,No,No,0.9416058394160584,0.058394160583941604
3876,No,Yes,0.28735632183908044,0.7126436781609196
6060,No,Yes,0.2978723404255319,0.7021276595744681
779,Yes,No,0.6875,0.3125
1377,No,No,0.9801277501774308,0.0198722498225692
4505,No,No,0.9801277501774308,0.0198722498225692
4305,No,No,0.9801277501774308,0.0198722498225692
1242,No,No,0.9210526315789473,0.07894736842105263
1756,No,No,0.8756218905472637,0.12437810945273632
3741,No,No,0.9416058394160584,0.058394160583941604
2805,No,No,0.9801277501774308,0.0198722498225692
4030,No,Yes,0.0,1.0
2125,No,No,0.9801277501774308,0.0198722498225692
4648,No,Yes,0.49056603773584906,0.5094339622641509
2731,No,No,1.0,0.0
4782,No,No,0.7857142857142857,0.21428571428571427
3251,Yes,Yes,0.0,1.0
6614,No,No,0.9801277501774308,0.0198722498225692
2850,No,No,0.6086956521739131,0.391304347826087
1461,No,No,0.9722222222222222,0.027777777777777776
2206,Yes,No,0.6774193548387096,0.3225806451612903
2695,No,No,0.9801277501774308,0.0198722498225692
5150,No,No,0.9615384615384616,0.038461538461538464
1728,No,No,0.9801277501774308,0.0198722498225692
3772,Yes,Yes,0.08695652173913043,0.9130434782608695
1999,Yes,No,1.0,0.0
2384,No,No,0.6774193548387096,0.3225806451612903
5074,No,No,0.9801277501774308,0.0198722498225692
1697,No,No,0.9801277501774308,0.0198722498225692
6720,No,No,0.9814814814814815,0.018518518518518517
701,No,No,0.5416666666666666,0.4583333333333333
1630,No,Yes,0.4351145038167939,0.5648854961832062
4670,No,No,1.0,0.0
6447,No,No,0.9801277501774308,0.0198722498225692
2686,Yes,Yes,0.28735632183908044,0.7126436781609196
505,Yes,Yes,0.28735632183908044,0.7126436781609196
3440,No,No,0.9801277501774308,0.0198722498225692
6731,No,No,0.9801277501774308,0.0198722498225692
3776,No,No,0.8756218905472637,0.12437810945273632
6726,Yes,Yes,0.0,1.0
2394,No,No,0.9814814814814815,0.018518518518518517
5551,No,No,0.9210526315789473,0.07894736842105263
1081,No,Yes,0.4351145038167939,0.5648854961832062
3449,No,No,1.0,0.0
4823,Yes,No,0.6864406779661016,0.3135593220338983
3514,No,No,0.9416058394160584,0.058394160583941604
753,No,No,0.9801277501774308,0.0198722498225692
5733,No,No,0.9801277501774308,0.0198722498225692
894,No,No,0.9814814814814815,0.018518518518518517
4966,No,No,0.8503401360544217,0.14965986394557823
7002,No,No,0.9416058394160584,0.058394160583941604
636,No,No,0.9416058394160584,0.058394160583941604
1267,No,No,0.9814814814814815,0.018518518518518517
5097,No,No,0.9722222222222222,0.027777777777777776
6300,No,No,0.9801277501774308,0.0198722498225692
6383,No,No,0.9801277501774308,0.0198722498225692
657,No,No,0.9801277501774308,0.0198722498225692
3565,Yes,Yes,0.3977272727272727,0.6022727272727273
5959,No,No,0.9801277501774308,0.0198722498225692
1446,No,Yes,0.3977272727272727,0.6022727272727273
1684,No,No,0.8503401360544217,0.14965986394557823
3525,Yes,Yes,0.4351145038167939,0.5648854961832062
6053,No,No,0.9801277501774308,0.0198722498225692
1020,No,No,0.8561151079136691,0.14388489208633093
1782,No,No,0.7272727272727273,0.2727272727272727
3711,No,No,0.9801277501774308,0.0198722498225692
3026,Yes,Yes,0.28735632183908044,0.7126436781609196
5787,Yes,No,0.6282051282051282,0.3717948717948718
1983,No,No,0.9801277501774308,0.0198722498225692
6369,No,No,0.9416058394160584,0.058394160583941604
3552,No,No,0.9416058394160584,0.058394160583941604
6362,No,Yes,0.27380952380952384,0.7261904761904762
4838,No,No,0.7021276595744681,0.2978723404255319
1877,No,No,0.9801277501774308,0.0198722498225692
580,Yes,No,0.9210526315789473,0.07894736842105263
3317,No,No,0.9801277501774308,0.0198722498225692
6679,No,No,0.9801277501774308,0.0198722498225692
2237,No,No,0.8756218905472637,0.12437810945273632
755,Yes,Yes,0.28735632183908044,0.7126436781609196
2830,No,No,0.9801277501774308,0.0198722498225692
2797,Yes,Yes,0.11570247933884298,0.8842975206611571
852,No,No,0.9615384615384616,0.038461538461538464
2244,Yes,No,0.9801277501774308,0.0198722498225692
3036,No,No,0.9801277501774308,0.0198722498225692
4576,No,No,0.9210526315789473,0.07894736842105263
3088,No,No,0.9801277501774308,0.0198722498225692
1582,No,No,0.9801277501774308,0.0198722498225692
5462,No,No,0.9814814814814815,0.018518518518518517
6464,No,No,1.0,0.0
5205,No,No,0.7559055118110236,0.2440944881889764
6355,No,No,0.9416058394160584,0.058394160583941604
1560,No,No,0.9801277501774308,0.0198722498225692
4589,No,No,0.9801277501774308,0.0198722498225692
2084,Yes,Yes,0.08695652173913043,0.9130434782608695
4859,No,No,0.9416058394160584,0.058394160583941604
2649,No,No,0.9801277501774308,0.0198722498225692
588,No,No,0.9416058394160584,0.058394160583941604
3368,No,No,0.8354430379746836,0.16455696202531644
6853,Yes,No,0.9230769230769231,0.07692307692307693
4165,No,Yes,0.11570247933884298,0.8842975206611571
4079,No,Yes,0.0,1.0
1520,No,No,0.9615384615384616,0.038461538461538464
2466,No,No,0.9801277501774308,0.0198722498225692
2687,No,No,0.6282051282051282,0.3717948717948718
2646,No,No,0.9814814814814815,0.018518518518518517
3408,Yes,No,0.9375,0.0625
5642,No,No,0.9801277501774308,0.0198722498225692
5375,Yes,No,0.6864406779661016,0.3135593220338983
2423,No,No,0.9801277501774308,0.0198722498225692
6574,No,Yes,0.11570247933884298,0.8842975206611571
642,Yes,Yes,0.08695652173913043,0.9130434782608695
5003,Yes,Yes,0.27380952380952384,0.7261904761904762
4256,No,No,0.9801277501774308,0.0198722498225692
6659,No,No,0.9801277501774308,0.0198722498225692
1815,No,No,0.9801277501774308,0.0198722498225692
6756,No,Yes,0.0,1.0
1321,No,No,0.9801277501774308,0.0198722498225692
4769,No,No,0.9801277501774308,0.0198722498225692
42,No,No,0.9801277501774308,0.0198722498225692
4755,No,No,0.6282051282051282,0.3717948717948718
2036,No,Yes,0.08695652173913043,0.9130434782608695
1037,No,No,1.0,0.0
700,No,No,0.9814814814814815,0.018518518518518517
984,No,No,0.9801277501774308,0.0198722498225692
1119,No,No,0.9801277501774308,0.0198722498225692
3334,Yes,No,0.8,0.2
1739,Yes,Yes,0.08695652173913043,0.9130434782608695
2796,No,No,0.7559055118110236,0.2440944881889764
3532,Yes,No,0.7272727272727273,0.2727272727272727
6356,No,No,0.8354430379746836,0.16455696202531644
3975,Yes,Yes,0.0,1.0
4180,Yes,No,1.0,0.0
3798,No,Yes,0.4351145038167939,0.5648854961832062
6725,No,No,0.9210526315789473,0.07894736842105263
5911,No,No,0.6774193548387096,0.3225806451612903
3777,No,No,0.9801277501774308,0.0198722498225692
2509,No,No,0.9801277501774308,0.0198722498225692
2367,Yes,Yes,0.0,1.0
316,No,No,0.9801277501774308,0.0198722498225692
5694,No,No,0.8756218905472637,0.12437810945273632
6454,No,No,0.7559055118110236,0.2440944881889764
2787,No,No,0.9801277501774308,0.0198722498225692
2877,Yes,No,0.6086956521739131,0.391304347826087
1893,No,No,0.8561151079136691,0.14388489208633093
2811,No,No,0.9801277501774308,0.0198722498225692
6157,Yes,No,0.9615384615384616,0.038461538461538464
1286,No,No,0.8756218905472637,0.12437810945273632
4708,No,No,0.9801277501774308,0.0198722498225692
6207,Yes,No,0.6282051282051282,0.3717948717948718
38,Yes,No,0.8,0.2
1179,No,Yes,0.4351145038167939,0.5648854961832062
5581,Yes,No,0.9416058394160584,0.058394160583941604
3767,No,No,0.9416058394160584,0.058394160583941604
4373,No,No,0.9801277501774308,0.0198722498225692
328,No,No,0.5454545454545454,0.45454545454545453
935,No,Yes,0.27380952380952384,0.7261904761904762
2254,No,No,0.9801277501774308,0.0198722498225692
5027,Yes,No,0.7272727272727273,0.2727272727272727
6244,No,No,0.6774193548387096,0.3225806451612903
3044,Yes,Yes,0.3977272727272727,0.6022727272727273
1127,No,No,0.9801277501774308,0.0198722498225692
2319,No,Yes,0.42857142857142855,0.5714285714285714
2774,No,Yes,0.0,1.0
4879,No,No,0.8756218905472637,0.12437810945273632
2913,No,No,0.9801277501774308,0.0198722498225692
3985,No,No,0.8561151079136691,0.14388489208633093
4853,No,No,0.8354430379746836,0.16455696202531644
507,Yes,Yes,0.2978723404255319,0.7021276595744681
6287,Yes,Yes,0.28735632183908044,0.7126436781609196
2699,No,Yes,0.4351145038167939,0.5648854961832062
1036,No,No,0.9416058394160584,0.058394160583941604
1206,No,Yes,0.49056603773584906,0.5094339622641509
6906,No,No,0.9801277501774308,0.0198722498225692
1105,No,Yes,0.42857142857142855,0.5714285714285714
1414,No,No,0.5416666666666666,0.4583333333333333
4554,No,Yes,0.0,1.0
6339,Yes,No,0.6864406779661016,0.3135593220338983
1458,Yes,No,0.6864406779661016,0.3135593220338983
6530,No,No,0.9801277501774308,0.0198722498225692
7016,No,Yes,0.4909090909090909,0.509090909090909
5895,No,No,0.5454545454545454,0.45454545454545453
2650,No,Yes,0.0,1.0
5456,Yes,No,0.8503401360544217,0.14965986394557823
3045,No,No,0.8756218905472637,0.12437810945273632
1280,No,No,0.9416058394160584,0.058394160583941604
5207,Yes,No,0.7272727272727273,0.2727272727272727
6388,Yes,No,0.6864406779661016,0.3135593220338983
618,No,No,0.9722222222222222,0.027777777777777776
7,No,No,0.9210526315789473,0.07894736842105263
1440,No,No,0.9801277501774308,0.0198722498225692
6292,No,No,0.9206349206349206,0.07936507936507936
1727,No,No,1.0,0.0
2432,No,No,0.9801277501774308,0.0198722498225692
6108,No,No,0.8503401360544217,0.14965986394557823
4692,No,Yes,0.3,0.7
4579,No,Yes,0.4351145038167939,0.5648854961832062
5283,No,No,0.8503401360544217,0.14965986394557823
4646,No,Yes,0.08695652173913043,0.9130434782608695
6678,No,No,0.9801277501774308,0.0198722498225692
5166,No,Yes,0.0,1.0
156,No,No,0.7559055118110236,0.2440944881889764
1092,No,No,0.9801277501774308,0.0198722498225692
3885,No,Yes,0.27380952380952384,0.7261904761904762
6972,Yes,No,0.7021276595744681,0.2978723404255319
5597,Yes,No,0.9722222222222222,0.027777777777777776
6889,No,Yes,0.2978723404255319,0.7021276595744681
6324,No,Yes,0.49056603773584906,0.5094339622641509
4856,Yes,Yes,0.4351145038167939,0.5648854961832062
6331,No,No,0.9801277501774308,0.0198722498225692
5920,No,No,0.6282051282051282,0.3717948717948718
6393,No,No,0.7559055118110236,0.2440944881889764
1277,No,No,0.9801277501774308,0.0198722498225692
4633,No,No,0.9801277501774308,0.0198722498225692
3240,Yes,No,0.7021276595744681,0.2978723404255319
1163,Yes,Yes,0.11570247933884298,0.8842975206611571
6740,Yes,No,0.7559055118110236,0.2440944881889764
2772,No,No,0.9801277501774308,0.0198722498225692
6763,No,No,0.9814814814814815,0.018518518518518517
3864,Yes,Yes,0.4351145038167939,0.5648854961832062
1329,No,No,0.9801277501774308,0.0198722498225692
6128,No,Yes,0.49056603773584906,0.5094339622641509
4660,Yes,No,0.9615384615384616,0.038461538461538464
350,No,No,0.9801277501774308,0.0198722498225692
895,No,No,1.0,0.0
249,No,No,0.8354430379746836,0.16455696202531644
5878,No,No,0.9801277501774308,0.0198722498225692
2729,Yes,Yes,0.11570247933884298,0.8842975206611571
2292,No,No,0.9801277501774308,0.0198722498225692
311,No,No,0.6282051282051282,0.3717948717948718
3534,Yes,No,0.9206349206349206,0.07936507936507936
1035,No,No,0.9801277501774308,0.0198722498225692
3375,No,No,0.9801277501774308,0.0198722498225692
2217,No,No,0.9801277501774308,0.0198722498225692
1887,Yes,No,0.5416666666666666,0.4583333333333333
6025,No,No,0.8503401360544217,0.14965986394557823
3762,No,No,0.8503401360544217,0.14965986394557823
6809,Yes,Yes,0.23076923076923078,0.7692307692307693
1070,Yes,Yes,0.0,1.0
5415,No,No,0.8503401360544217,0.14965986394557823
6344,Yes,No,0.7559055118110236,0.2440944881889764
4139,No,Yes,0.28735632183908044,0.7126436781609196
1250,No,No,0.9416058394160584,0.058394160583941604
922,No,No,1.0,0.0
6458,No,No,0.5,0.5
4815,Yes,No,0.8756218905472637,0.12437810945273632
4473,No,Yes,0.0,1.0
3957,No,No,0.9416058394160584,0.058394160583941604
6967,Yes,Yes,0.28735632183908044,0.7126436781609196
2702,No,Yes,0.4909090909090909,0.509090909090909
3822,No,Yes,0.11570247933884298,0.8842975206611571
978,Yes,Yes,0.0,1.0
5884,Yes,No,0.8756218905472637,0.12437810945273632
127,No,No,0.9801277501774308,0.0198722498225692
3197,Yes,No,0.8756218905472637,0.12437810945273632
6046,No,Yes,0.42857142857142855,0.5714285714285714
1631,Yes,No,0.7559055118110236,0.2440944881889764
3693,No,No,0.9801277501774308,0.0198722498225692
1187,No,No,0.9416058394160584,0.058394160583941604
6838,Yes,Yes,0.11570247933884298,0.8842975206611571
79,No,No,0.9801277501774308,0.0198722498225692
2791,No,No,0.9801277501774308,0.0198722498225692
6913,No,No,0.9206349206349206,0.07936507936507936
3726,Yes,No,0.7272727272727273,0.2727272727272727
3510,No,Yes,0.27380952380952384,0.7261904761904762
5250,No,No,0.7272727272727273,0.2727272727272727
2246,Yes,Yes,0.08695652173913043,0.9130434782608695
4307,Yes,Yes,0.4351145038167939,0.5648854961832062
6492,No,No,0.9801277501774308,0.0198722498225692
2155,Yes,Yes,0.4351145038167939,0.5648854961832062
4464,Yes,Yes,0.42857142857142855,0.5714285714285714
2221,No,No,0.9801277501774308,0.0198722498225692
4521,No,No,1.0,0.0
2341,No,No,0.9416058394160584,0.058394160583941604
2296,No,Yes,0.4909090909090909,0.509090909090909
6081,No,Yes,0.3977272727272727,0.6022727272727273
4455,Yes,Yes,0.3977272727272727,0.6022727272727273
3824,No,No,0.9722222222222222,0.027777777777777776
2665,No,No,0.9801277501774308,0.0198722498225692
1292,No,No,0.9814814814814815,0.018518518518518517
1451,No,No,0.8561151079136691,0.14388489208633093
7000,No,No,0.9801277501774308,0.0198722498225692
3814,No,No,0.9801277501774308,0.0198722498225692
5044,No,No,0.6282051282051282,0.3717948717948718
4403,No,No,0.8503401360544217,0.14965986394557823
2203,No,No,0.9206349206349206,0.07936507936507936
425,No,No,0.8503401360544217,0.14965986394557823
3632,No,No,0.7559055118110236,0.2440944881889764
1316,No,No,0.9210526315789473,0.07894736842105263
3466,No,No,0.9801277501774308,0.0198722498225692
6701,No,No,0.9206349206349206,0.07936507936507936
1844,No,No,0.9801277501774308,0.0198722498225692
3547,No,No,0.9801277501774308,0.0198722498225692
4028,No,No,0.9416058394160584,0.058394160583941604
2493,No,Yes,0.11570247933884298,0.8842975206611571
1718,No,No,0.9801277501774308,0.0198722498225692
5091,Yes,No,0.9375,0.0625
2467,No,No,0.9206349206349206,0.07936507936507936
5350,No,No,0.9801277501774308,0.0198722498225692
265,No,No,0.9801277501774308,0.0198722498225692
6577,No,No,0.9814814814814815,0.018518518518518517
2282,Yes,No,0.6774193548387096,0.3225806451612903
6674,No,No,0.9210526315789473,0.07894736842105263
5212,No,No,0.9801277501774308,0.0198722498225692
6885,Yes,Yes,0.27380952380952384,0.7261904761904762
6468,No,No,0.8756218905472637,0.12437810945273632
2750,No,No,0.9801277501774308,0.0198722498225692
4386,Yes,No,0.9801277501774308,0.0198722498225692
519,No,No,0.9210526315789473,0.07894736842105263
5819,No,No,0.9416058394160584,0.058394160583941604
3818,No,No,0.9416058394160584,0.058394160583941604
5573,Yes,Yes,0.08695652173913043,0.9130434782608695
2464,Yes,Yes,0.08695652173913043,0.9130434782608695
444,No,No,0.6282051282051282,0.3717948717948718
4810,Yes,No,0.7272727272727273,0.2727272727272727
2868,No,No,0.6282051282051282,0.3717948717948718
6529,Yes,Yes,0.27380952380952384,0.7261904761904762
194,No,No,0.9801277501774308,0.0198722498225692
5954,No,No,0.6774193548387096,0.3225806451612903
6682,No,No,0.9814814814814815,0.018518518518518517
3227,No,No,1.0,0.0
6800,Yes,No,1.0,0.0
2783,No,Yes,0.4351145038167939,0.5648854961832062
1584,No,No,0.9814814814814815,0.018518518518518517
1421,Yes,Yes,0.11570247933884298,0.8842975206611571
6490,No,No,0.9801277501774308,0.0198722498225692
5750,Yes,Yes,0.49056603773584906,0.5094339622641509
6101,No,No,0.9416058394160584,0.058394160583941604
3850,No,No,0.9801277501774308,0.0198722498225692
3910,Yes,No,0.8,0.2
951,No,No,0.7857142857142857,0.21428571428571427
979,No,No,0.9801277501774308,0.0198722498225692
4061,No,No,0.8561151079136691,0.14388489208633093
522,No,No,0.6774193548387096,0.3225806451612903
3401,No,No,0.9801277501774308,0.0198722498225692
6786,Yes,No,0.5,0.5
3959,No,No,0.9814814814814815,0.018518518518518517
4408,No,No,0.9801277501774308,0.0198722498225692
4152,No,No,0.9801277501774308,0.0198722498225692
266,No,No,0.9801277501774308,0.0198722498225692
5975,Yes,Yes,0.2978723404255319,0.7021276595744681
5772,No,No,0.9814814814814815,0.018518518518518517
4047,No,No,0.9416058394160584,0.058394160583941604
290,Yes,No,1.0,0.0
6057,No,No,1.0,0.0
3623,No,No,0.6,0.4
5675,No,No,0.5,0.5
2194,Yes,Yes,0.08695652173913043,0.9130434782608695
4390,No,No,0.8561151079136691,0.14388489208633093
4932,No,No,0.9801277501774308,0.0198722498225692
3613,No,No,0.9814814814814815,0.018518518518518517
2086,Yes,Yes,0.14285714285714285,0.8571428571428571
6965,No,No,0.9722222222222222,0.027777777777777776
5086,Yes,No,0.9801277501774308,0.0198722498225692
1699,No,No,0.9801277501774308,0.0198722498225692
6054,Yes,No,0.7559055118110236,0.2440944881889764
3574,No,No,0.6864406779661016,0.3135593220338983
5105,Yes,No,0.8354430379746836,0.16455696202531644
1381,No,No,0.6,0.4
5048,No,No,0.8354430379746836,0.16455696202531644
3891,No,No,0.9801277501774308,0.0198722498225692
626,No,No,0.9230769230769231,0.07692307692307693
4448,Yes,Yes,0.4351145038167939,0.5648854961832062
2892,No,No,0.6864406779661016,0.3135593220338983
1237,No,No,0.9801277501774308,0.0198722498225692
6143,No,No,0.9801277501774308,0.0198722498225692
6985,No,No,0.9801277501774308,0.0198722498225692
5311,Yes,No,0.9210526315789473,0.07894736842105263
5496,No,No,0.9801277501774308,0.0198722498225692
2990,Yes,No,0.675,0.325
4275,No,No,0.6864406779661016,0.3135593220338983
3624,No,No,0.6774193548387096,0.3225806451612903
5107,No,No,0.5454545454545454,0.45454545454545453
4792,Yes,No,0.7021276595744681,0.2978723404255319
5619,No,No,0.8756218905472637,0.12437810945273632
2526,Yes,No,0.6864406779661016,0.3135593220338983
1005,No,No,0.8354430379746836,0.16455696202531644
5509,Yes,No,0.675,0.325
1216,No,No,0.9801277501774308,0.0198722498225692
4513,Yes,No,0.9801277501774308,0.0198722498225692
5143,No,No,0.9801277501774308,0.0198722498225692
5318,No,No,0.9801277501774308,0.0198722498225692
24,No,No,1.0,0.0
2519,No,Yes,0.11570247933884298,0.8842975206611571
558,No,No,0.7857142857142857,0.21428571428571427
5613,No,No,0.9801277501774308,0.0198722498225692
1760,No,No,0.9814814814814815,0.018518518518518517
5635,No,No,0.8503401360544217,0.14965986394557823
1543,Yes,No,0.7857142857142857,0.21428571428571427
3541,No,No,1.0,0.0
6457,No,No,0.9801277501774308,0.0198722498225692
5057,No,Yes,0.27380952380952384,0.7261904761904762
3644,No,No,0.9801277501774308,0.0198722498225692
3736,No,No,0.9801277501774308,0.0198722498225692
2143,No,No,0.8756218905472637,0.12437810945273632
3723,No,No,0.9210526315789473,0.07894736842105263
5692,No,No,0.9722222222222222,0.027777777777777776
6174,Yes,Yes,0.3793103448275862,0.6206896551724138
6049,No,No,0.9801277501774308,0.0198722498225692
14,No,No,0.6282051282051282,0.3717948717948718
6866,Yes,Yes,0.08695652173913043,0.9130434782608695
4154,Yes,Yes,0.27380952380952384,0.7261904761904762
1713,No,No,0.8503401360544217,0.14965986394557823
384,No,No,0.9416058394160584,0.058394160583941604
6015,No,Yes,0.49056603773584906,0.5094339622641509
85,No,Yes,0.11570247933884298,0.8842975206611571
458,No,No,0.9615384615384616,0.038461538461538464
2338,No,No,0.9801277501774308,0.0198722498225692
3922,No,No,0.6774193548387096,0.3225806451612903
2593,No,No,0.9801277501774308,0.0198722498225692
3371,Yes,No,0.9210526315789473,0.07894736842105263
4280,No,No,0.9801277501774308,0.0198722498225692
2968,No,Yes,0.2978723404255319,0.7021276595744681
6783,No,No,0.9801277501774308,0.0198722498225692
726,No,No,0.9801277501774308,0.0198722498225692
1554,No,No,0.9210526315789473,0.07894736842105263
2088,No,No,0.8756218905472637,0.12437810945273632
1045,No,No,0.5555555555555556,0.4444444444444444
582,Yes,Yes,0.11570247933884298,0.8842975206611571
631,No,No,1.0,0.0
6173,No,No,1.0,0.0
5393,Yes,No,1.0,0.0
3848,No,No,0.6875,0.3125
2798,Yes,No,0.6470588235294118,0.35294117647058826
6690,No,No,0.9416058394160584,0.058394160583941604
3362,Yes,Yes,0.3977272727272727,0.6022727272727273
4116,No,No,0.9801277501774308,0.0198722498225692
2210,No,No,0.9416058394160584,0.058394160583941604
1604,No,No,1.0,0.0
6230,No,No,0.6864406779661016,0.3135593220338983
685,No,No,0.6864406779661016,0.3135593220338983
5029,No,No,0.8561151079136691,0.14388489208633093
2926,No,No,0.9416058394160584,0.058394160583941604
4530,No,No,0.9801277501774308,0.0198722498225692
3461,No,No,1.0,0.0
4665,No,No,0.9801277501774308,0.0198722498225692
5536,Yes,No,0.675,0.325
2308,No,No,0.9206349206349206,0.07936507936507936
2080,No,No,0.9801277501774308,0.0198722498225692
2631,Yes,Yes,0.11570247933884298,0.8842975206611571
5433,No,No,0.8354430379746836,0.16455696202531644
6345,No,Yes,0.13333333333333333,0.8666666666666667
2052,No,Yes,0.4351145038167939,0.5648854961832062
602,No,No,0.9814814814814815,0.018518518518518517
5400,No,No,0.6,0.4
3719,No,No,0.9801277501774308,0.0198722498225692
4512,No,No,0.9814814814814815,0.018518518518518517
1115,No,No,0.8756218905472637,0.12437810945273632
1346,Yes,Yes,0.11570247933884298,0.8842975206611571
5842,No,No,0.8561151079136691,0.14388489208633093
907,No,No,0.8756218905472637,0.12437810945273632
2068,No,No,0.9722222222222222,0.027777777777777776
4565,No,No,0.9801277501774308,0.0198722498225692
5839,No,Yes,0.27380952380952384,0.7261904761904762
3702,Yes,Yes,0.28735632183908044,0.7126436781609196
1517,No,No,0.8354430379746836,0.16455696202531644
1960,No,No,0.9722222222222222,0.027777777777777776
3006,Yes,Yes,0.27380952380952384,0.7261904761904762
3021,No,No,0.9210526315789473,0.07894736842105263
3553,No,No,0.9801277501774308,0.0198722498225692
4805,No,No,0.9801277501774308,0.0198722498225692
2608,Yes,No,0.6774193548387096,0.3225806451612903
3090,Yes,Yes,0.3977272727272727,0.6022727272727273
3630,Yes,No,0.9210526315789473,0.07894736842105263
3869,No,No,0.8354430379746836,0.16455696202531644
1775,No,No,0.9416058394160584,0.058394160583941604
4994,Yes,No,1.0,0.0
6595,No,No,0.9801277501774308,0.0198722498225692
1305,No,No,0.5454545454545454,0.45454545454545453
4552,No,No,0.9210526315789473,0.07894736842105263
6202,Yes,No,0.9801277501774308,0.0198722498225692
5067,No,No,0.8561151079136691,0.14388489208633093
6872,No,No,0.9801277501774308,0.0198722498225692
3874,No,Yes,0.3793103448275862,0.6206896551724138
1118,No,No,0.6774193548387096,0.3225806451612903
3359,No,No,0.9210526315789473,0.07894736842105263
6501,No,No,0.7021276595744681,0.2978723404255319
6977,No,No,0.8503401360544217,0.14965986394557823
6073,No,No,0.9801277501774308,0.0198722498225692
5098,Yes,Yes,0.27380952380952384,0.7261904761904762
303,No,No,0.9814814814814815,0.018518518518518517
2142,No,No,0.9801277501774308,0.0198722498225692
4308,No,No,0.6282051282051282,0.3717948717948718
5712,No,No,0.9210526315789473,0.07894736842105263
485,No,No,0.9814814814814815,0.018518518518518517
4748,No,No,0.9801277501774308,0.0198722498225692
3618,No,No,0.8503401360544217,0.14965986394557823
3928,No,Yes,0.3,0.7
1653,No,No,0.9801277501774308,0.0198722498225692
291,No,No,0.9801277501774308,0.0198722498225692
4705,No,Yes,0.0,1.0
4114,No,No,0.9801277501774308,0.0198722498225692
1928,Yes,No,0.9210526315789473,0.07894736842105263
5297,No,No,0.9801277501774308,0.0198722498225692
5173,No,Yes,0.3793103448275862,0.6206896551724138
3845,Yes,Yes,0.49056603773584906,0.5094339622641509
1558,Yes,No,0.5714285714285714,0.42857142857142855
4995,Yes,Yes,0.27380952380952384,0.7261904761904762
5115,No,No,0.9801277501774308,0.0198722498225692
4227,No,No,0.9801277501774308,0.0198722498225692
6160,No,No,0.9801277501774308,0.0198722498225692
3898,No,No,0.9801277501774308,0.0198722498225692
449,No,No,0.9416058394160584,0.058394160583941604
3628,No,No,0.8561151079136691,0.14388489208633093
1343,No,No,0.9801277501774308,0.0198722498225692
3182,No,No,0.9416058394160584,0.058394160583941604
6564,No,No,0.9210526315789473,0.07894736842105263
2458,No,No,0.9416058394160584,0.058394160583941604
2499,No,No,0.9801277501774308,0.0198722498225692
4439,No,No,0.9801277501774308,0.0198722498225692
416,No,No,0.9416058394160584,0.058394160583941604
6748,Yes,Yes,0.08695652173913043,0.9130434782608695
3437,No,No,0.8756218905472637,0.12437810945273632
170,No,No,0.9801277501774308,0.0198722498225692
4502,Yes,Yes,0.0,1.0
1764,No,No,0.9801277501774308,0.0198722498225692
4977,No,No,0.9801277501774308,0.0198722498225692
6268,No,No,0.9801277501774308,0.0198722498225692
1909,No,No,0.9801277501774308,0.0198722498225692
447,No,No,0.9801277501774308,0.0198722498225692
3056,No,No,0.9801277501774308,0.0198722498225692
277,No,No,0.8561151079136691,0.14388489208633093
4916,No,Yes,0.23076923076923078,0.7692307692307693
3365,No,No,0.9801277501774308,0.0198722498225692
58,No,No,0.9801277501774308,0.0198722498225692
4847,Yes,Yes,0.4351145038167939,0.5648854961832062
4355,No,Yes,0.0,1.0
4791,No,No,0.9615384615384616,0.038461538461538464
53,Yes,Yes,0.27380952380952384,0.7261904761904762
728,Yes,No,0.7559055118110236,0.2440944881889764
4603,No,Yes,0.0,1.0
4301,No,No,0.9801277501774308,0.0198722498225692
1415,No,No,0.8354430379746836,0.16455696202531644
4486,No,No,0.6774193548387096,0.3225806451612903
5082,No,No,0.9801277501774308,0.0198722498225692
454,No,No,0.9801277501774308,0.0198722498225692
2943,No,No,0.9801277501774308,0.0198722498225692
950,Yes,No,0.6875,0.3125
4443,No,Yes,0.4909090909090909,0.509090909090909
5194,Yes,No,0.6282051282051282,0.3717948717948718
6011,No,No,0.9210526315789473,0.07894736842105263
3856,No,No,0.6086956521739131,0.391304347826087
5957,Yes,No,1.0,0.0
6488,Yes,Yes,0.08695652173913043,0.9130434782608695
65,No,Yes,0.0,1.0
3988,No,No,0.9801277501774308,0.0198722498225692
1761,No,No,0.9801277501774308,0.0198722498225692
4317,No,No,0.9801277501774308,0.0198722498225692
4728,No,No,0.9801277501774308,0.0198722498225692
2915,No,No,0.9801277501774308,0.0198722498225692
3789,No,No,0.9210526315789473,0.07894736842105263
3287,Yes,No,0.9206349206349206,0.07936507936507936
3934,No,No,0.9801277501774308,0.0198722498225692
5300,Yes,Yes,0.08695652173913043,0.9130434782608695
175,No,No,0.9210526315789473,0.07894736842105263
1693,No,No,0.9416058394160584,0.058394160583941604
7023,No,No,0.6086956521739131,0.391304347826087
6284,No,Yes,0.28735632183908044,0.7126436781609196
1846,No,No,0.9801277501774308,0.0198722498225692
1956,No,No,0.9416058394160584,0.058394160583941604
5519,No,Yes,0.4909090909090909,0.509090909090909
2763,No,No,1.0,0.0
3470,No,No,0.8561151079136691,0.14388489208633093
761,Yes,No,0.6282051282051282,0.3717948717948718
5838,No,No,1.0,0.0
3476,No,No,0.8354430379746836,0.16455696202531644
3769,No,No,0.9210526315789473,0.07894736842105263
2440,No,No,0.9210526315789473,0.07894736842105263
683,No,Yes,0.3333333333333333,0.6666666666666666
1757,No,No,0.9814814814814815,0.018518518518518517
3065,No,Yes,0.3977272727272727,0.6022727272727273
2976,No,No,0.9210526315789473,0.07894736842105263
6611,No,No,0.9801277501774308,0.0198722498225692
1245,No,No,0.6282051282051282,0.3717948717948718
5826,Yes,Yes,0.08695652173913043,0.9130434782608695
3992,No,No,0.9801277501774308,0.0198722498225692
1644,Yes,No,1.0,0.0
967,No,No,0.9615384615384616,0.038461538461538464
1154,No,No,0.9801277501774308,0.0198722498225692
4132,Yes,No,0.8503401360544217,0.14965986394557823
884,No,No,0.9801277501774308,0.0198722498225692
3380,Yes,Yes,0.08695652173913043,0.9130434782608695
2486,No,No,0.8756218905472637,0.12437810945273632
2011,No,No,1.0,0.0
4259,Yes,No,0.9615384615384616,0.038461538461538464
1260,No,Yes,0.3977272727272727,0.6022727272727273
2517,Yes,Yes,0.08695652173913043,0.9130434782608695
2373,No,No,0.9814814814814815,0.018518518518518517
6433,No,No,0.9801277501774308,0.0198722498225692
6115,No,No,0.9416058394160584,0.058394160583941604
3672,Yes,No,0.9814814814814815,0.018518518518518517
1296,No,No,0.7559055118110236,0.2440944881889764
5500,No,No,0.9801277501774308,0.0198722498225692
2586,No,No,0.9210526315789473,0.07894736842105263
6309,No,No,0.9801277501774308,0.0198722498225692
3022,No,No,0.9615384615384616,0.038461538461538464
2370,No,No,0.9416058394160584,0.058394160583941604
1068,Yes,No,0.6774193548387096,0.3225806451612903
6251,No,No,0.6864406779661016,0.3135593220338983
2437,No,No,0.8561151079136691,0.14388489208633093
3836,No,No,0.9814814814814815,0.018518518518518517
4710,No,No,0.8756218905472637,0.12437810945273632
3360,Yes,Yes,0.42857142857142855,0.5714285714285714
6270,No,No,0.9801277501774308,0.0198722498225692
5034,No,No,0.8756218905472637,0.12437810945273632
4585,Yes,Yes,0.08695652173913043,0.9130434782608695
675,No,No,0.9416058394160584,0.058394160583941604
1975,No,No,0.9801277501774308,0.0198722498225692
1696,Yes,Yes,0.11570247933884298,0.8842975206611571
936,No,No,0.9801277501774308,0.0198722498225692
6075,No,No,0.8756218905472637,0.12437810945273632
3781,No,No,0.9801277501774308,0.0198722498225692
6206,No,No,0.6774193548387096,0.3225806451612903
2894,Yes,No,0.9801277501774308,0.0198722498225692
5778,No,No,0.6864406779661016,0.3135593220338983
73,No,No,0.9801277501774308,0.0198722498225692
6043,Yes,Yes,0.3977272727272727,0.6022727272727273
4343,Yes,Yes,0.27380952380952384,0.7261904761904762
5310,No,No,1.0,0.0
6850,No,No,0.9801277501774308,0.0198722498225692
6557,No,Yes,0.4351145038167939,0.5648854961832062
6180,No,No,0.9416058394160584,0.058394160583941604
3236,No,No,0.8503401360544217,0.14965986394557823
164,No,No,0.9801277501774308,0.0198722498225692
1824,No,No,0.9801277501774308,0.0198722498225692
5121,No,No,0.8756218905472637,0.12437810945273632
4678,Yes,Yes,0.11570247933884298,0.8842975206611571
6495,Yes,Yes,0.08695652173913043,0.9130434782608695
6603,No,No,1.0,0.0
5756,No,No,0.9801277501774308,0.0198722498225692
4862,Yes,Yes,0.49056603773584906,0.5094339622641509
5202,No,No,0.9416058394160584,0.058394160583941604
6893,Yes,No,0.8561151079136691,0.14388489208633093
6875,No,No,0.9801277501774308,0.0198722498225692
6142,Yes,No,0.8503401360544217,0.14965986394557823
87,No,No,0.9801277501774308,0.0198722498225692
6747,No,No,0.9801277501774308,0.0198722498225692
2743,No,No,0.9416058394160584,0.058394160583941604
4461,No,No,0.6282051282051282,0.3717948717948718
658,Yes,No,0.9801277501774308,0.0198722498225692
524,Yes,Yes,0.4351145038167939,0.5648854961832062
5655,No,No,0.9801277501774308,0.0198722498225692
6932,No,No,0.9722222222222222,0.027777777777777776
3940,No,No,0.8503401360544217,0.14965986394557823
6337,No,No,0.9206349206349206,0.07936507936507936
5179,Yes,No,1.0,0.0
3306,No,Yes,0.2978723404255319,0.7021276595744681
4166,No,No,0.9801277501774308,0.0198722498225692
165,No,No,0.9801277501774308,0.0198722498225692
2381,No,No,0.9801277501774308,0.0198722498225692
3099,No,No,0.9801277501774308,0.0198722498225692
4871,No,No,0.9814814814814815,0.018518518518518517
3357,Yes,Yes,0.4909090909090909,0.509090909090909
6149,No,No,0.8756218905472637,0.12437810945273632
4231,No,No,0.9801277501774308,0.0198722498225692
671,No,No,0.9801277501774308,0.0198722498225692
2776,Yes,No,0.7559055118110236,0.2440944881889764
4300,No,No,0.9801277501774308,0.0198722498225692
1602,Yes,No,0.6282051282051282,0.3717948717948718
4027,Yes,No,0.8503401360544217,0.14965986394557823
1867,Yes,Yes,0.2978723404255319,0.7021276595744681
2999,No,No,0.9210526315789473,0.07894736842105263
6478,No,No,0.9416058394160584,0.058394160583941604
5286,Yes,Yes,0.49056603773584906,0.5094339622641509
2473,No,No,0.9210526315789473,0.07894736842105263
5333,Yes,Yes,0.42857142857142855,0.5714285714285714
2064,No,No,0.9801277501774308,0.0198722498225692
3446,No,No,0.7021276595744681,0.2978723404255319
4741,No,Yes,0.25,0.75
3454,No,No,0.8503401360544217,0.14965986394557823
6894,Yes,Yes,0.11570247933884298,0.8842975206611571
1347,No,No,0.9801277501774308,0.0198722498225692
5881,No,No,0.9801277501774308,0.0198722498225692
6176,Yes,Yes,0.4351145038167939,0.5648854961832062
1648,No,No,1.0,0.0
35,No,No,0.9416058394160584,0.058394160583941604
1706,No,No,0.9416058394160584,0.058394160583941604
4267,No,No,0.9801277501774308,0.0198722498225692
6865,No,No,0.9801277501774308,0.0198722498225692
6939,No,No,0.9801277501774308,0.0198722498225692
6761,No,No,0.6864406779661016,0.3135593220338983
2199,No,No,0.9801277501774308,0.0198722498225692
177,Yes,No,0.7857142857142857,0.21428571428571427
1333,No,No,0.9801277501774308,0.0198722498225692
5804,No,No,0.9801277501774308,0.0198722498225692
1288,No,No,0.9801277501774308,0.0198722498225692
1021,No,No,0.9801277501774308,0.0198722498225692
5609,Yes,No,0.7559055118110236,0.2440944881889764
667,No,No,0.8503401360544217,0.14965986394557823
4036,No,No,0.9210526315789473,0.07894736842105263
5512,No,No,0.9722222222222222,0.027777777777777776
966,Yes,No,0.9210526315789473,0.07894736842105263
6519,No,No,0.9814814814814815,0.018518518518518517
4311,Yes,No,0.9375,0.0625
2185,Yes,No,0.8561151079136691,0.14388489208633093
5805,No,No,0.8561151079136691,0.14388489208633093
2280,No,Yes,0.11570247933884298,0.8842975206611571
746,No,No,0.9416058394160584,0.058394160583941604
2451,Yes,No,0.9206349206349206,0.07936507936507936
6539,No,No,1.0,0.0
2751,No,No,0.8503401360544217,0.14965986394557823
1583,No,No,0.675,0.325
1768,No,No,0.9814814814814815,0.018518518518518517
1272,No,No,0.9210526315789473,0.07894736842105263
5406,No,No,0.9416058394160584,0.058394160583941604
3516,Yes,Yes,0.3977272727272727,0.6022727272727273
2007,Yes,Yes,0.2978723404255319,0.7021276595744681
5102,No,No,0.9416058394160584,0.058394160583941604
4022,No,No,0.9210526315789473,0.07894736842105263
3312,No,No,0.6864406779661016,0.3135593220338983
3081,Yes,No,0.7857142857142857,0.21428571428571427
5721,No,No,0.9801277501774308,0.0198722498225692
1117,No,No,0.9814814814814815,0.018518518518518517
4377,No,No,0.7559055118110236,0.2440944881889764
1995,Yes,Yes,0.08695652173913043,0.9130434782608695
6353,No,No,0.8561151079136691,0.14388489208633093
6928,No,No,0.8756218905472637,0.12437810945273632
760,No,No,0.6864406779661016,0.3135593220338983
5248,No,No,0.9801277501774308,0.0198722498225692
3678,No,No,0.8561151079136691,0.14388489208633093
3790,Yes,No,0.9801277501774308,0.0198722498225692
5019,No,Yes,0.11570247933884298,0.8842975206611571
6070,No,No,0.9814814814814815,0.018518518518518517
1351,No,No,0.9210526315789473,0.07894736842105263
5968,Yes,No,0.8756218905472637,0.12437810945273632
3480,No,No,0.9801277501774308,0.0198722498225692
3211,No,No,0.9801277501774308,0.0198722498225692
5860,Yes,Yes,0.0,1.0
4171,Yes,No,0.9210526315789473,0.07894736842105263
537,No,No,0.9801277501774308,0.0198722498225692
5268,No,No,0.9801277501774308,0.0198722498225692
2792,No,No,0.8503401360544217,0.14965986394557823
1883,Yes,No,0.9722222222222222,0.027777777777777776
2377,No,No,1.0,0.0
3350,Yes,Yes,0.3977272727272727,0.6022727272727273
6184,No,No,0.8503401360544217,0.14965986394557823
2383,No,No,0.8503401360544217,0.14965986394557823
1062,No,No,0.8503401360544217,0.14965986394557823
183,No,No,0.9801277501774308,0.0198722498225692
1568,No,Yes,0.11570247933884298,0.8842975206611571
2522,No,No,0.9814814814814815,0.018518518518518517
2156,Yes,Yes,0.2978723404255319,0.7021276595744681
6623,Yes,Yes,0.08695652173913043,0.9130434782608695
6126,Yes,Yes,0.0,1.0
3293,No,No,0.9722222222222222,0.027777777777777776
5999,No,No,0.9416058394160584,0.058394160583941604
3638,Yes,No,0.6875,0.3125
404,No,No,0.9801277501774308,0.0198722498225692
2293,No,No,0.9814814814814815,0.018518518518518517
3896,No,No,0.9801277501774308,0.0198722498225692
4046,No,No,0.8503401360544217,0.14965986394557823
4402,Yes,Yes,0.0,1.0
6208,No,No,0.9801277501774308,0.0198722498225692
5868,No,Yes,0.3977272727272727,0.6022727272727273
4113,No,No,0.9801277501774308,0.0198722498225692
6828,No,No,0.9801277501774308,0.0198722498225692
2709,No,No,0.5454545454545454,0.45454545454545453
2949,No,No,0.9801277501774308,0.0198722498225692
4441,No,No,0.9801277501774308,0.0198722498225692
2179,No,No,0.9801277501774308,0.0198722498225692
4224,No,No,0.9801277501774308,0.0198722498225692
6412,No,No,0.9416058394160584,0.058394160583941604
4517,Yes,Yes,0.11570247933884298,0.8842975206611571
3647,No,No,0.5,0.5
5928,No,No,0.9801277501774308,0.0198722498225692
3997,No,No,0.9814814814814815,0.018518518518518517
402,Yes,No,0.6774193548387096,0.3225806451612903
4849,No,No,0.8756218905472637,0.12437810945273632
6315,No,No,0.9801277501774308,0.0198722498225692
5886,No,No,0.9801277501774308,0.0198722498225692
1855,No,No,0.9801277501774308,0.0198722498225692
1472,Yes,Yes,0.27380952380952384,0.7261904761904762
4067,No,No,0.9801277501774308,0.0198722498225692
486,No,Yes,0.11570247933884298,0.8842975206611571
4120,No,No,0.8756218905472637,0.12437810945273632
2691,No,No,0.9801277501774308,0.0198722498225692
5149,No,No,0.9801277501774308,0.0198722498225692
2279,No,No,0.9801277501774308,0.0198722498225692
5533,No,Yes,0.0,1.0
6961,Yes,No,0.7559055118110236,0.2440944881889764
262,No,No,0.9230769230769231,0.07692307692307693
6657,No,No,0.9801277501774308,0.0198722498225692
2506,No,No,0.9801277501774308,0.0198722498225692
4855,No,No,0.9416058394160584,0.058394160583941604
2809,No,No,0.8503401360544217,0.14965986394557823
1509,Yes,No,0.8,0.2
4162,No,No,0.9801277501774308,0.0198722498225692
1615,No,No,0.9801277501774308,0.0198722498225692
4475,No,No,0.9615384615384616,0.038461538461538464
4438,No,No,0.9801277501774308,0.0198722498225692
6377,Yes,No,0.6864406779661016,0.3135593220338983
2235,No,No,0.9801277501774308,0.0198722498225692
4872,No,No,0.9801277501774308,0.0198722498225692
3981,No,Yes,0.23076923076923078,0.7692307692307693
3712,No,No,0.9801277501774308,0.0198722498225692
2479,No,No,0.9801277501774308,0.0198722498225692
4740,Yes,No,0.6774193548387096,0.3225806451612903
4898,Yes,No,0.6875,0.3125
5618,No,No,0.9210526315789473,0.07894736842105263
6121,No,No,0.9801277501774308,0.0198722498225692
4185,No,No,0.6864406779661016,0.3135593220338983
5123,Yes,Yes,0.49056603773584906,0.5094339622641509
6179,Yes,Yes,0.11570247933884298,0.8842975206611571
3505,No,Yes,0.3793103448275862,0.6206896551724138
2543,Yes,Yes,0.0,1.0
1803,No,No,0.9801277501774308,0.0198722498225692
866,No,No,0.9814814814814815,0.018518518518518517
959,No,No,0.6282051282051282,0.3717948717948718
4696,No,No,0.9416058394160584,0.058394160583941604
6537,Yes,No,0.7021276595744681,0.2978723404255319
101,No,No,0.6864406779661016,0.3135593220338983
3112,No,No,0.9416058394160584,0.058394160583941604
4537,No,No,0.5454545454545454,0.45454545454545453
2075,No,No,0.6086956521739131,0.391304347826087
180,Yes,Yes,0.4909090909090909,0.509090909090909
942,No,Yes,0.3,0.7
1044,No,No,0.9801277501774308,0.0198722498225692
832,No,No,0.9801277501774308,0.0198722498225692
610,Yes,No,0.9375,0.0625
450,No,No,0.9801277501774308,0.0198722498225692
2219,No,No,0.6282051282051282,0.3717948717948718
3145,Yes,Yes,0.125,0.875
6665,No,No,0.8503401360544217,0.14965986394557823
1790,Yes,No,0.7857142857142857,0.21428571428571427
541,No,Yes,0.0,1.0
2888,Yes,Yes,0.08695652173913043,0.9130434782608695
4365,No,No,0.9814814814814815,0.018518518518518517
5822,No,No,0.6282051282051282,0.3717948717948718
2931,No,No,1.0,0.0
3467,Yes,Yes,0.2978723404255319,0.7021276595744681
7036,No,No,0.8756218905472637,0.12437810945273632
4933,No,No,0.6774193548387096,0.3225806451612903
4460,No,No,1.0,0.0
126,Yes,Yes,0.28735632183908044,0.7126436781609196
4266,Yes,No,0.8354430379746836,0.16455696202531644
5828,No,No,0.9801277501774308,0.0198722498225692
5222,No,No,0.8561151079136691,0.14388489208633093
3568,No,No,0.5714285714285714,0.42857142857142855
2603,No,No,0.9416058394160584,0.058394160583941604
5381,Yes,Yes,0.4351145038167939,0.5648854961832062
4423,No,No,1.0,0.0
6898,No,No,0.9206349206349206,0.07936507936507936
202,No,No,0.9416058394160584,0.058394160583941604
2421,No,No,0.7272727272727273,0.2727272727272727
4121,Yes,Yes,0.28735632183908044,0.7126436781609196
1468,No,No,0.9801277501774308,0.0198722498225692
487,No,No,0.9814814814814815,0.018518518518518517
796,No,No,0.8756218905472637,0.12437810945273632
674,Yes,No,0.5454545454545454,0.45454545454545453
6022,No,No,0.9210526315789473,0.07894736842105263
807,No,No,0.9416058394160584,0.058394160583941604
3751,No,No,1.0,0.0
2234,No,No,0.8756218905472637,0.12437810945273632
888,No,No,0.8756218905472637,0.12437810945273632
56,No,No,0.9206349206349206,0.07936507936507936
5710,No,No,0.9416058394160584,0.058394160583941604
6175,No,No,0.9801277501774308,0.0198722498225692
428,No,No,0.7559055118110236,0.2440944881889764
6973,No,No,1.0,0.0
4923,No,No,1.0,0.0
5219,No,No,0.6864406779661016,0.3135593220338983
4354,No,No,0.9801277501774308,0.0198722498225692
5812,Yes,Yes,0.08695652173913043,0.9130434782608695
2034,No,No,0.9801277501774308,0.0198722498225692
5572,No,No,0.9801277501774308,0.0198722498225692
5890,No,No,0.9801277501774308,0.0198722498225692
3656,No,No,0.8756218905472637,0.12437810945273632
3550,Yes,No,0.6282051282051282,0.3717948717948718
4382,No,No,0.675,0.325
5661,No,No,0.9210526315789473,0.07894736842105263
3936,No,No,0.8561151079136691,0.14388489208633093
7024,No,No,0.7559055118110236,0.2440944881889764
2978,No,No,0.6282051282051282,0.3717948717948718
2510,Yes,Yes,0.08695652173913043,0.9130434782608695
3043,Yes,Yes,0.13333333333333333,0.8666666666666667
3873,No,No,0.9801277501774308,0.0198722498225692
4722,No,No,0.9814814814814815,0.018518518518518517
3007,Yes,No,0.6282051282051282,0.3717948717948718
5924,No,No,0.9801277501774308,0.0198722498225692
3085,Yes,Yes,0.11570247933884298,0.8842975206611571
376,No,Yes,0.4909090909090909,0.509090909090909
240,No,No,0.9814814814814815,0.018518518518518517
6970,Yes,Yes,0.27380952380952384,0.7261904761904762
132,No,No,0.9814814814814815,0.018518518518518517
6573,No,No,0.8756218905472637,0.12437810945273632
1875,No,No,0.9416058394160584,0.058394160583941604
4140,Yes,No,0.8354430379746836,0.16455696202531644
5716,No,Yes,0.0,1.0
1225,Yes,No,1.0,0.0
4240,Yes,Yes,0.11570247933884298,0.8842975206611571
5547,Yes,Yes,0.2978723404255319,0.7021276595744681
6593,Yes,No,1.0,0.0
3031,Yes,No,0.6282051282051282,0.3717948717948718
535,No,Yes,0.11570247933884298,0.8842975206611571
5270,Yes,No,0.8561151079136691,0.14388489208633093
4640,Yes,Yes,0.08695652173913043,0.9130434782608695
302,No,Yes,0.2978723404255319,0.7021276595744681
2136,No,Yes,0.11570247933884298,0.8842975206611571
2222,No,No,0.5555555555555556,0.4444444444444444
3554,No,Yes,0.49056603773584906,0.5094339622641509
6140,No,No,0.9615384615384616,0.038461538461538464
7008,Yes,Yes,0.27380952380952384,0.7261904761904762
2900,Yes,Yes,0.08695652173913043,0.9130434782608695
4570,No,No,0.9210526315789473,0.07894736842105263
7041,Yes,Yes,0.27380952380952384,0.7261904761904762
4039,No,Yes,0.11570247933884298,0.8842975206611571
5715,Yes,Yes,0.0,1.0
49,No,No,0.9801277501774308,0.0198722498225692
3117,No,No,0.9206349206349206,0.07936507936507936
4686,No,No,0.9416058394160584,0.058394160583941604
6942,No,No,0.9801277501774308,0.0198722498225692
4625,No,Yes,0.125,0.875
3694,Yes,No,0.9416058394160584,0.058394160583941604
359,No,No,0.9206349206349206,0.07936507936507936
861,No,No,0.9801277501774308,0.0198722498225692
4556,Yes,No,0.5,0.5
6325,Yes,Yes,0.14285714285714285,0.8571428571428571
453,Yes,No,0.6282051282051282,0.3717948717948718
3201,No,No,0.9814814814814815,0.018518518518518517
2268,No,No,0.9801277501774308,0.0198722498225692
216,No,No,0.9801277501774308,0.0198722498225692
4466,Yes,Yes,0.07692307692307693,0.9230769230769231
5520,No,No,0.9801277501774308,0.0198722498225692
3280,No,No,0.9801277501774308,0.0198722498225692
6522,No,No,1.0,0.0
2275,Yes,Yes,0.08695652173913043,0.9130434782608695
3906,Yes,Yes,0.08695652173913043,0.9130434782608695
383,Yes,Yes,0.0,1.0
2720,Yes,No,0.8503401360544217,0.14965986394557823
680,Yes,Yes,0.08695652173913043,0.9130434782608695
2607,Yes,Yes,0.08695652173913043,0.9130434782608695
4078,Yes,No,0.9801277501774308,0.0198722498225692
4929,No,No,0.9801277501774308,0.0198722498225692
5877,Yes,No,0.7021276595744681,0.2978723404255319
5592,No,No,0.9801277501774308,0.0198722498225692
4226,Yes,Yes,0.27380952380952384,0.7261904761904762
800,No,No,0.9814814814814815,0.018518518518518517
1176,Yes,Yes,0.11570247933884298,0.8842975206611571
3604,No,No,0.9210526315789473,0.07894736842105263
6155,Yes,No,0.9210526315789473,0.07894736842105263
6879,No,No,0.6282051282051282,0.3717948717948718
1123,No,No,0.9801277501774308,0.0198722498225692
4667,No,No,0.9210526315789473,0.07894736842105263
3857,No,No,0.9210526315789473,0.07894736842105263
6584,No,No,0.9801277501774308,0.0198722498225692
5133,Yes,Yes,0.28735632183908044,0.7126436781609196
2043,No,No,0.8,0.2
1990,Yes,Yes,0.28735632183908044,0.7126436781609196
6599,Yes,No,0.7272727272727273,0.2727272727272727
3536,No,Yes,0.08695652173913043,0.9130434782608695
4065,Yes,No,0.6864406779661016,0.3135593220338983
715,No,No,0.7559055118110236,0.2440944881889764
2711,Yes,No,0.8756218905472637,0.12437810945273632
4721,Yes,No,0.6864406779661016,0.3135593220338983
3411,Yes,Yes,0.4351145038167939,0.5648854961832062
6273,Yes,Yes,0.49056603773584906,0.5094339622641509
621,No,No,0.9801277501774308,0.0198722498225692
3703,No,No,0.9801277501774308,0.0198722498225692
3472,No,No,0.6086956521739131,0.391304347826087
4925,No,No,0.7021276595744681,0.2978723404255319
2810,No,No,0.9206349206349206,0.07936507936507936
4148,No,No,0.9210526315789473,0.07894736842105263
3537,No,No,0.8756218905472637,0.12437810945273632
5093,No,No,0.8756218905472637,0.12437810945273632
5262,No,No,0.9801277501774308,0.0198722498225692
3069,No,No,0.9210526315789473,0.07894736842105263
2180,No,No,0.9416058394160584,0.058394160583941604
2081,No,No,0.7559055118110236,0.2440944881889764
5671,No,No,0.9801277501774308,0.0198722498225692
5652,No,Yes,0.3977272727272727,0.6022727272727273
5662,Yes,Yes,0.08695652173913043,0.9130434782608695
1926,Yes,Yes,0.4351145038167939,0.5648854961832062
6864,Yes,No,0.6875,0.3125
2005,Yes,No,0.9206349206349206,0.07936507936507936
805,No,No,0.9814814814814815,0.018518518518518517
36,Yes,No,0.5,0.5
2015,No,No,0.8503401360544217,0.14965986394557823
1738,No,No,0.9814814814814815,0.018518518518518517
284,Yes,Yes,0.3,0.7
6735,No,No,0.9801277501774308,0.0198722498225692
6835,No,No,0.9814814814814815,0.018518518518518517
993,No,No,0.9801277501774308,0.0198722498225692
3142,Yes,No,0.6864406779661016,0.3135593220338983
4015,No,No,0.9801277501774308,0.0198722498225692
1792,No,No,1.0,0.0
3166,No,No,0.8503401360544217,0.14965986394557823
1880,Yes,Yes,0.11570247933884298,0.8842975206611571
5598,No,No,0.9801277501774308,0.0198722498225692
904,No,No,0.9801277501774308,0.0198722498225692
5965,No,No,0.9801277501774308,0.0198722498225692
5183,Yes,No,0.7559055118110236,0.2440944881889764
5789,No,No,0.9801277501774308,0.0198722498225692
3599,No,No,1.0,0.0
5730,No,No,0.9801277501774308,0.0198722498225692
2140,Yes,No,1.0,0.0
699,No,No,0.9801277501774308,0.0198722498225692
2627,No,No,0.9801277501774308,0.0198722498225692
4422,No,No,0.8354430379746836,0.16455696202531644
6525,No,No,0.9801277501774308,0.0198722498225692
6322,Yes,Yes,0.07692307692307693,0.9230769230769231
6660,Yes,Yes,0.08695652173913043,0.9130434782608695
2983,No,No,0.9801277501774308,0.0198722498225692
1862,No,No,1.0,0.0
3706,No,No,0.9722222222222222,0.027777777777777776
5078,No,No,0.9206349206349206,0.07936507936507936
1166,No,No,0.8561151079136691,0.14388489208633093
5364,Yes,Yes,0.3,0.7
4724,No,No,0.9801277501774308,0.0198722498225692
1523,No,No,0.675,0.325
5628,Yes,Yes,0.0,1.0
1308,Yes,Yes,0.28735632183908044,0.7126436781609196
2651,Yes,No,0.6282051282051282,0.3717948717948718
6114,No,No,1.0,0.0
2003,Yes,No,0.9416058394160584,0.058394160583941604
154,No,No,0.9210526315789473,0.07894736842105263
974,No,No,0.9814814814814815,0.018518518518518517
1293,No,No,0.9416058394160584,0.058394160583941604
6137,Yes,No,0.8561151079136691,0.14388489208633093
4983,Yes,No,0.5454545454545454,0.45454545454545453
2071,No,No,0.9416058394160584,0.058394160583941604
4870,No,No,0.9801277501774308,0.0198722498225692
768,No,No,0.6282051282051282,0.3717948717948718
652,No,No,0.9801277501774308,0.0198722498225692
4186,No,No,0.9416058394160584,0.058394160583941604
1731,Yes,Yes,0.08695652173913043,0.9130434782608695
1412,Yes,Yes,0.42857142857142855,0.5714285714285714
2993,No,No,0.9801277501774308,0.0198722498225692
192,No,No,0.9801277501774308,0.0198722498225692
6170,No,No,0.6864406779661016,0.3135593220338983
849,No,No,0.9801277501774308,0.0198722498225692
2604,No,Yes,0.3,0.7
3377,No,No,0.9801277501774308,0.0198722498225692
6304,Yes,Yes,0.125,0.875
6384,No,No,0.9801277501774308,0.0198722498225692
6245,No,No,0.9814814814814815,0.018518518518518517
1383,Yes,Yes,0.3977272727272727,0.6022727272727273
2290,Yes,No,1.0,0.0
4264,No,Yes,0.4351145038167939,0.5648854961832062
5449,No,No,0.9416058394160584,0.058394160583941604
2021,No,No,0.9416058394160584,0.058394160583941604
4004,No,No,0.9801277501774308,0.0198722498225692
4817,No,No,0.6864406779661016,0.3135593220338983
3899,No,No,0.8,0.2
6182,No,No,0.9801277501774308,0.0198722498225692
5767,No,No,0.9814814814814815,0.018518518518518517
3448,Yes,No,0.9722222222222222,0.027777777777777776
527,No,No,1.0,0.0
3743,Yes,No,0.5,0.5
1766,No,No,0.9801277501774308,0.0198722498225692
4600,No,No,0.9416058394160584,0.058394160583941604
2550,No,No,0.9801277501774308,0.0198722498225692
4834,No,No,0.9801277501774308,0.0198722498225692
300,No,No,0.8756218905472637,0.12437810945273632
1540,No,No,0.7559055118110236,0.2440944881889764
4931,No,Yes,0.11570247933884298,0.8842975206611571
2742,No,No,0.9801277501774308,0.0198722498225692
4914,No,No,0.9801277501774308,0.0198722498225692
4223,No,Yes,0.49056603773584906,0.5094339622641509
2914,No,No,0.8756218905472637,0.12437810945273632
4848,Yes,Yes,0.11570247933884298,0.8842975206611571
1798,No,No,0.9801277501774308,0.0198722498225692
1284,No,No,0.9801277501774308,0.0198722498225692
5484,No,No,0.9416058394160584,0.058394160583941604
2771,No,No,0.8561151079136691,0.14388489208633093
4151,No,No,0.5454545454545454,0.45454545454545453
4362,No,No,0.9801277501774308,0.0198722498225692
5077,No,No,0.9801277501774308,0.0198722498225692
197,No,No,0.6086956521739131,0.391304347826087
6656,No,No,0.9801277501774308,0.0198722498225692
2866,No,Yes,0.25,0.75
3755,Yes,Yes,0.27380952380952384,0.7261904761904762
4175,No,No,0.9801277501774308,0.0198722498225692
542,No,No,0.6864406779661016,0.3135593220338983
2323,Yes,Yes,0.3,0.7
526,No,No,0.9416058394160584,0.058394160583941604
3119,Yes,No,0.7559055118110236,0.2440944881889764
3907,No,No,0.9722222222222222,0.027777777777777776
2753,Yes,Yes,0.08695652173913043,0.9130434782608695
5444,No,No,1.0,0.0
1334,Yes,Yes,0.13333333333333333,0.8666666666666667
1733,No,No,0.6864406779661016,0.3135593220338983
5736,No,No,0.6864406779661016,0.3135593220338983
5355,No,Yes,0.4351145038167939,0.5648854961832062
2181,No,No,0.9814814814814815,0.018518518518518517
1289,No,No,0.9801277501774308,0.0198722498225692
2424,Yes,No,0.9416058394160584,0.058394160583941604
812,No,No,0.9801277501774308,0.0198722498225692
6466,No,Yes,0.0,1.0
1467,No,No,0.8756218905472637,0.12437810945273632
6132,No,No,1.0,0.0
2460,No,No,0.9801277501774308,0.0198722498225692
2255,No,Yes,0.4909090909090909,0.509090909090909
6314,No,Yes,0.27380952380952384,0.7261904761904762
2961,No,No,0.8503401360544217,0.14965986394557823
6399,No,Yes,0.3333333333333333,0.6666666666666666
4449,No,No,0.9416058394160584,0.058394160583941604
4320,No,No,0.9801277501774308,0.0198722498225692
1444,No,No,0.9416058394160584,0.058394160583941604
5210,Yes,No,0.9814814814814815,0.018518518518518517
6263,No,No,0.8756218905472637,0.12437810945273632
4676,No,No,0.9210526315789473,0.07894736842105263
538,No,No,0.8354430379746836,0.16455696202531644
2150,No,Yes,0.28735632183908044,0.7126436781609196
6436,No,No,0.9801277501774308,0.0198722498225692
2361,Yes,Yes,0.4909090909090909,0.509090909090909
74,No,Yes,0.0,1.0
2558,No,No,0.9801277501774308,0.0198722498225692
5728,Yes,No,0.7272727272727273,0.2727272727272727
1814,No,No,0.9801277501774308,0.0198722498225692
1175,No,No,1.0,0.0
4984,No,No,1.0,0.0
2974,Yes,No,1.0,0.0
3812,No,No,0.9801277501774308,0.0198722498225692
4693,No,No,0.9801277501774308,0.0198722498225692
3754,No,No,0.6864406779661016,0.3135593220338983
4593,No,No,0.9210526315789473,0.07894736842105263
3042,Yes,No,0.8503401360544217,0.14965986394557823
4216,No,No,0.9801277501774308,0.0198722498225692
1219,No,No,1.0,0.0
150,No,Yes,0.0,1.0
1088,Yes,Yes,0.0,1.0
1777,No,No,0.8503401360544217,0.14965986394557823
6317,Yes,Yes,0.08695652173913043,0.9130434782608695
1389,Yes,Yes,0.4351145038167939,0.5648854961832062
1987,Yes,No,0.7559055118110236,0.2440944881889764
5221,No,No,0.9206349206349206,0.07936507936507936
783,Yes,No,0.6864406779661016,0.3135593220338983
3721,Yes,No,0.9615384615384616,0.038461538461538464
139,Yes,Yes,0.08695652173913043,0.9130434782608695
1103,No,No,0.9206349206349206,0.07936507936507936
2305,No,No,1.0,0.0
4527,Yes,No,0.8756218905472637,0.12437810945273632
932,No,No,0.9801277501774308,0.0198722498225692
4011,No,No,0.9801277501774308,0.0198722498225692
3708,No,No,0.9801277501774308,0.0198722498225692
2785,No,No,0.9416058394160584,0.058394160583941604
3956,Yes,Yes,0.11570247933884298,0.8842975206611571
714,No,No,0.9801277501774308,0.0198722498225692
4761,No,No,0.9801277501774308,0.0198722498225692
4986,No,Yes,0.27380952380952384,0.7261904761904762
6902,No,No,0.9801277501774308,0.0198722498225692
3464,No,No,0.5714285714285714,0.42857142857142855
5053,No,No,0.7559055118110236,0.2440944881889764
2674,No,No,0.9210526315789473,0.07894736842105263
3283,No,No,0.9801277501774308,0.0198722498225692
821,No,No,0.9801277501774308,0.0198722498225692
4982,Yes,No,0.7021276595744681,0.2978723404255319
4147,No,No,0.9801277501774308,0.0198722498225692
2227,No,No,0.9801277501774308,0.0198722498225692
1246,No,Yes,0.4351145038167939,0.5648854961832062
4210,No,No,0.9814814814814815,0.018518518518518517
1675,Yes,No,0.6282051282051282,0.3717948717948718
2816,No,No,0.9416058394160584,0.058394160583941604
5669,No,No,0.8354430379746836,0.16455696202531644
3658,No,Yes,0.0,1.0
5465,No,No,0.8756218905472637,0.12437810945273632
4533,No,No,0.9416058394160584,0.058394160583941604
5507,No,No,0.9801277501774308,0.0198722498225692
1519,Yes,Yes,0.0,1.0
1881,No,No,0.6774193548387096,0.3225806451612903
5879,No,No,0.9801277501774308,0.0198722498225692
5100,Yes,Yes,0.08695652173913043,0.9130434782608695
2079,No,No,1.0,0.0
2154,No,No,0.9801277501774308,0.0198722498225692
4627,No,No,0.7021276595744681,0.2978723404255319
2294,Yes,Yes,0.11570247933884298,0.8842975206611571
1388,No,No,1.0,0.0
6111,No,No,0.5555555555555556,0.4444444444444444
4478,No,Yes,0.3977272727272727,0.6022727272727273
3665,No,No,0.9416058394160584,0.058394160583941604
2982,No,No,0.9801277501774308,0.0198722498225692
4863,No,No,0.9801277501774308,0.0198722498225692
6098,No,No,0.9801277501774308,0.0198722498225692
686,No,No,0.9801277501774308,0.0198722498225692
5698,Yes,No,0.9230769230769231,0.07692307692307693
5234,No,No,1.0,0.0
2672,No,No,0.9801277501774308,0.0198722498225692
4852,No,No,0.9801277501774308,0.0198722498225692
2684,No,No,0.7021276595744681,0.2978723404255319
5461,No,No,0.9801277501774308,0.0198722498225692
6945,Yes,No,0.9416058394160584,0.058394160583941604
4506,No,No,0.9814814814814815,0.018518518518518517
5344,No,No,0.9801277501774308,0.0198722498225692
5168,Yes,Yes,0.42857142857142855,0.5714285714285714
366,No,No,0.8561151079136691,0.14388489208633093
2981,No,No,0.9801277501774308,0.0198722498225692
393,No,No,0.9210526315789473,0.07894736842105263
1380,No,No,0.9206349206349206,0.07936507936507936
4340,No,No,0.675,0.325
4867,No,No,0.5416666666666666,0.4583333333333333
2819,No,No,0.8561151079136691,0.14388489208633093
5302,No,No,0.9722222222222222,0.027777777777777776
5773,No,No,0.8561151079136691,0.14388489208633093
3087,Yes,Yes,0.11570247933884298,0.8842975206611571
1770,Yes,No,0.8,0.2
6827,No,No,1.0,0.0
4596,No,No,0.8756218905472637,0.12437810945273632
5119,No,Yes,0.49056603773584906,0.5094339622641509
654,Yes,No,0.9210526315789473,0.07894736842105263
6742,No,No,0.9801277501774308,0.0198722498225692
1521,No,No,0.9801277501774308,0.0198722498225692
4654,No,No,0.9801277501774308,0.0198722498225692
3234,No,No,0.9801277501774308,0.0198722498225692
1802,No,No,0.9801277501774308,0.0198722498225692
1076,No,No,0.9801277501774308,0.0198722498225692
6544,Yes,Yes,0.0,1.0
5423,Yes,Yes,0.42857142857142855,0.5714285714285714
1606,No,No,0.9416058394160584,0.058394160583941604
574,No,Yes,0.28735632183908044,0.7126436781609196
3228,No,No,0.9206349206349206,0.07936507936507936
1345,No,No,0.8354430379746836,0.16455696202531644
5369,No,No,0.9210526315789473,0.07894736842105263
5809,No,Yes,0.2978723404255319,0.7021276595744681
6455,No,No,0.5454545454545454,0.45454545454545453
4658,No,No,0.675,0.325
4100,No,No,0.9801277501774308,0.0198722498225692
4669,No,No,0.9801277501774308,0.0198722498225692
1549,Yes,Yes,0.3977272727272727,0.6022727272727273
2012,Yes,Yes,0.4351145038167939,0.5648854961832062
6127,No,No,0.7021276595744681,0.2978723404255319
4161,No,No,0.6875,0.3125
1772,Yes,Yes,0.07692307692307693,0.9230769230769231
1807,Yes,Yes,0.08695652173913043,0.9130434782608695
225,No,No,0.9801277501774308,0.0198722498225692
4543,No,No,0.9801277501774308,0.0198722498225692
6974,No,No,0.8354430379746836,0.16455696202531644
248,Yes,Yes,0.3977272727272727,0.6022727272727273
4765,No,No,0.8756218905472637,0.12437810945273632
250,No,No,0.9801277501774308,0.0198722498225692
1114,No,No,1.0,0.0
6485,No,No,1.0,0.0
6147,No,No,0.8354430379746836,0.16455696202531644
4018,No,No,0.9801277501774308,0.0198722498225692
3305,No,No,0.5416666666666666,0.4583333333333333
6979,No,No,1.0,0.0
492,Yes,Yes,0.49056603773584906,0.5094339622641509
2655,Yes,Yes,0.23076923076923078,0.7692307692307693
4415,No,No,0.9801277501774308,0.0198722498225692
6852,No,No,0.8503401360544217,0.14965986394557823
2102,No,No,0.7559055118110236,0.2440944881889764
3982,No,No,0.9801277501774308,0.0198722498225692
7001,Yes,Yes,0.3977272727272727,0.6022727272727273
469,Yes,Yes,0.0,1.0
2760,No,No,0.9801277501774308,0.0198722498225692
882,Yes,Yes,0.2978723404255319,0.7021276595744681
1838,No,Yes,0.4351145038167939,0.5648854961832062
2521,Yes,No,1.0,0.0
6796,Yes,No,0.6875,0.3125
6104,No,No,0.9801277501774308,0.0198722498225692
4008,No,No,0.9814814814814815,0.018518518518518517
6805,No,No,0.7021276595744681,0.2978723404255319
6423,No,No,0.9801277501774308,0.0198722498225692
405,No,No,0.9801277501774308,0.0198722498225692
5319,No,No,0.9416058394160584,0.058394160583941604
4201,No,No,0.9801277501774308,0.0198722498225692
2755,No,No,0.9210526315789473,0.07894736842105263
3544,Yes,No,0.9230769230769231,0.07692307692307693
6941,No,No,0.9801277501774308,0.0198722498225692
1510,No,No,0.9801277501774308,0.0198722498225692
5610,Yes,Yes,0.27380952380952384,0.7261904761904762
6717,Yes,No,0.6086956521739131,0.391304347826087
64,Yes,Yes,0.23076923076923078,0.7692307692307693
2849,No,No,0.9210526315789473,0.07894736842105263
5858,No,No,0.9801277501774308,0.0198722498225692
5163,No,No,0.6774193548387096,0.3225806451612903
968,No,No,0.9801277501774308,0.0198722498225692
1033,No,No,0.9801277501774308,0.0198722498225692
2472,No,No,0.9801277501774308,0.0198722498225692
9,No,No,0.9801277501774308,0.0198722498225692
3508,No,No,0.9416058394160584,0.058394160583941604
4296,Yes,No,0.8561151079136691,0.14388489208633093
6757,Yes,No,0.9801277501774308,0.0198722498225692
4436,No,No,0.8561151079136691,0.14388489208633093
5316,No,No,0.8756218905472637,0.12437810945273632
5110,No,Yes,0.27380952380952384,0.7261904761904762
5706,Yes,Yes,0.08695652173913043,0.9130434782608695
4629,No,No,0.9210526315789473,0.07894736842105263
4666,No,No,0.9210526315789473,0.07894736842105263
4725,Yes,No,0.6864406779661016,0.3135593220338983
3158,Yes,No,0.8503401360544217,0.14965986394557823
4846,No,No,0.7857142857142857,0.21428571428571427
3744,No,No,0.8756218905472637,0.12437810945273632
4886,No,No,0.9801277501774308,0.0198722498225692
560,No,No,0.7021276595744681,0.2978723404255319
5515,No,No,0.9801277501774308,0.0198722498225692
1992,No,Yes,0.14285714285714285,0.8571428571428571
3991,Yes,Yes,0.11570247933884298,0.8842975206611571
1301,No,No,0.9801277501774308,0.0198722498225692
212,No,No,0.9801277501774308,0.0198722498225692
4111,No,No,0.8756218905472637,0.12437810945273632
945,Yes,Yes,0.23076923076923078,0.7692307692307693
3217,No,No,0.9615384615384616,0.038461538461538464
110,Yes,No,1.0,0.0
6794,No,No,0.9801277501774308,0.0198722498225692
4379,No,No,0.9814814814814815,0.018518518518518517
3960,No,Yes,0.0,1.0
7011,Yes,No,0.8561151079136691,0.14388489208633093
23,No,No,0.9814814814814815,0.018518518518518517
6641,Yes,No,0.8561151079136691,0.14388489208633093
5013,No,No,0.7272727272727273,0.2727272727272727
4784,No,No,0.6864406779661016,0.3135593220338983
985,Yes,No,0.7559055118110236,0.2440944881889764
18,Yes,No,0.9722222222222222,0.027777777777777776
819,No,No,0.9801277501774308,0.0198722498225692
5422,No,No,0.9801277501774308,0.0198722498225692
2379,Yes,Yes,0.0,1.0
5412,No,No,0.9814814814814815,0.018518518518518517
5823,No,No,0.9210526315789473,0.07894736842105263
4325,No,No,0.6864406779661016,0.3135593220338983
3737,Yes,Yes,0.0,1.0
4345,No,No,0.9801277501774308,0.0198722498225692
650,Yes,No,0.5,0.5
1011,No,No,0.9801277501774308,0.0198722498225692
3185,Yes,Yes,0.4909090909090909,0.509090909090909
4253,No,Yes,0.28735632183908044,0.7126436781609196
6445,No,No,1.0,0.0
244,No,No,0.8503401360544217,0.14965986394557823
3482,No,No,0.8503401360544217,0.14965986394557823
1586,No,No,0.9416058394160584,0.058394160583941604
4206,No,No,0.9416058394160584,0.058394160583941604
3844,Yes,No,0.9801277501774308,0.0198722498225692
3047,Yes,No,0.5714285714285714,0.42857142857142855
4474,No,No,0.9814814814814815,0.018518518518518517
3346,No,No,1.0,0.0
3150,No,No,0.8503401360544217,0.14965986394557823
5981,No,No,0.9801277501774308,0.0198722498225692
5627,No,Yes,0.27380952380952384,0.7261904761904762
1544,No,No,0.8503401360544217,0.14965986394557823
3394,No,No,0.9801277501774308,0.0198722498225692
1567,No,Yes,0.0,1.0
949,No,No,0.9801277501774308,0.0198722498225692
3202,No,Yes,0.0,1.0
1151,No,No,0.6864406779661016,0.3135593220338983
5006,Yes,No,0.8561151079136691,0.14388489208633093
2664,No,No,1.0,0.0
2899,No,No,0.9801277501774308,0.0198722498225692
5560,No,No,0.6774193548387096,0.3225806451612903
5700,No,Yes,0.4351145038167939,0.5648854961832062
3897,No,No,0.9416058394160584,0.058394160583941604
4664,Yes,Yes,0.23076923076923078,0.7692307692307693
3727,Yes,Yes,0.11570247933884298,0.8842975206611571
4802,No,No,0.8503401360544217,0.14965986394557823
954,No,Yes,0.28735632183908044,0.7126436781609196
4902,No,No,0.8561151079136691,0.14388489208633093
2435,No,No,0.5454545454545454,0.45454545454545453
933,Yes,Yes,0.11570247933884298,0.8842975206611571
595,Yes,No,0.8561151079136691,0.14388489208633093
6023,No,No,0.9801277501774308,0.0198722498225692
4199,Yes,Yes,0.0,1.0
4981,Yes,No,0.5454545454545454,0.45454545454545453
3707,No,No,0.9801277501774308,0.0198722498225692
3787,No,Yes,0.0,1.0
4126,No,No,0.9210526315789473,0.07894736842105263
123,No,No,0.8561151079136691,0.14388489208633093
6637,No,No,0.9801277501774308,0.0198722498225692
5806,Yes,No,0.9615384615384616,0.038461538461538464
4674,No,No,0.8756218905472637,0.12437810945273632
3512,No,No,0.9801277501774308,0.0198722498225692
2397,Yes,Yes,0.08695652173913043,0.9130434782608695
6815,No,No,0.9801277501774308,0.0198722498225692
4700,No,Yes,0.3977272727272727,0.6022727272727273
6946,No,No,0.7272727272727273,0.2727272727272727
1829,No,Yes,0.27380952380952384,0.7261904761904762
5617,No,No,0.9615384615384616,0.038461538461538464
5379,No,No,0.8354430379746836,0.16455696202531644
893,Yes,No,1.0,0.0
5049,Yes,No,0.6864406779661016,0.3135593220338983
581,Yes,Yes,0.08695652173913043,0.9130434782608695
617,No,No,0.8354430379746836,0.16455696202531644
4587,No,No,0.7272727272727273,0.2727272727272727
2138,No,No,0.9801277501774308,0.0198722498225692
6110,No,No,0.7272727272727273,0.2727272727272727
4221,No,No,0.6864406779661016,0.3135593220338983
51,Yes,Yes,0.25,0.75
2580,No,Yes,0.4351145038167939,0.5648854961832062
2777,No,No,0.9210526315789473,0.07894736842105263
2161,Yes,Yes,0.49056603773584906,0.5094339622641509
1153,No,No,0.9801277501774308,0.0198722498225692
5854,No,No,0.8503401360544217,0.14965986394557823
3376,No,No,0.6864406779661016,0.3135593220338983
1534,No,No,0.9801277501774308,0.0198722498225692
1016,No,No,0.9801277501774308,0.0198722498225692
6954,No,No,0.9210526315789473,0.07894736842105263
5623,No,No,0.8503401360544217,0.14965986394557823
3207,No,No,0.9210526315789473,0.07894736842105263
4234,No,No,0.9801277501774308,0.0198722498225692
2333,No,No,1.0,0.0
4393,Yes,Yes,0.28735632183908044,0.7126436781609196
267,No,No,1.0,0.0
1703,No,No,0.8503401360544217,0.14965986394557823
5647,No,No,1.0,0.0
2902,No,Yes,0.49056603773584906,0.5094339622641509
2576,No,No,1.0,0.0
2874,No,No,0.9801277501774308,0.0198722498225692
6395,Yes,No,0.9206349206349206,0.07936507936507936
5453,No,No,0.9801277501774308,0.0198722498225692
1104,No,No,0.9801277501774308,0.0198722498225692
1890,Yes,No,0.6864406779661016,0.3135593220338983
1546,No,No,0.9801277501774308,0.0198722498225692
3761,No,No,0.9801277501774308,0.0198722498225692
3274,No,No,0.6282051282051282,0.3717948717948718
5242,Yes,Yes,0.28735632183908044,0.7126436781609196
5601,No,No,0.8756218905472637,0.12437810945273632
5410,No,No,0.9416058394160584,0.058394160583941604
1398,No,Yes,0.28735632183908044,0.7126436781609196
2964,No,No,0.9801277501774308,0.0198722498225692
2278,No,No,0.5,0.5
6426,No,No,0.8756218905472637,0.12437810945273632
3944,No,No,0.9801277501774308,0.0198722498225692
352,No,Yes,0.2978723404255319,0.7021276595744681
6434,Yes,Yes,0.3977272727272727,0.6022727272727273
5181,No,No,0.9801277501774308,0.0198722498225692
4750,No,No,0.9801277501774308,0.0198722498225692
1401,Yes,Yes,0.2978723404255319,0.7021276595744681
3763,Yes,Yes,0.2978723404255319,0.7021276595744681
3154,No,No,0.7857142857142857,0.21428571428571427
6351,Yes,No,0.9230769230769231,0.07692307692307693
5927,No,No,0.9801277501774308,0.0198722498225692
1047,No,No,1.0,0.0
1801,No,No,0.6,0.4
6088,Yes,Yes,0.0,1.0
6523,No,No,0.9801277501774308,0.0198722498225692
4771,Yes,Yes,0.07692307692307693,0.9230769230769231
5000,No,No,0.675,0.325
1420,No,No,0.6086956521739131,0.391304347826087
5574,No,No,0.9210526315789473,0.07894736842105263
5902,No,No,0.9375,0.0625
4571,No,No,0.6,0.4
523,Yes,No,0.7559055118110236,0.2440944881889764
4630,No,No,0.8561151079136691,0.14388489208633093
5614,No,No,0.9801277501774308,0.0198722498225692
1291,Yes,No,0.7857142857142857,0.21428571428571427
6239,No,No,0.9416058394160584,0.058394160583941604
324,No,No,0.9801277501774308,0.0198722498225692
1635,No,No,0.8756218905472637,0.12437810945273632
900,No,No,0.9615384615384616,0.038461538461538464
8,Yes,Yes,0.28735632183908044,0.7126436781609196
2820,No,No,0.9801277501774308,0.0198722498225692
4594,Yes,No,0.6282051282051282,0.3717948717948718
2291,Yes,Yes,0.11570247933884298,0.8842975206611571
6191,No,No,0.8503401360544217,0.14965986394557823
5264,No,No,0.9814814814814815,0.018518518518518517
4193,No,No,0.9210526315789473,0.07894736842105263
1083,Yes,Yes,0.2978723404255319,0.7021276595744681
809,Yes,Yes,0.08695652173913043,0.9130434782608695
337,No,No,0.9801277501774308,0.0198722498225692
1214,Yes,Yes,0.3,0.7
3524,Yes,Yes,0.11570247933884298,0.8842975206611571
2259,No,No,0.9801277501774308,0.0198722498225692
5745,No,No,0.9801277501774308,0.0198722498225692
4912,Yes,Yes,0.4351145038167939,0.5648854961832062
3668,No,No,0.9801277501774308,0.0198722498225692
5402,No,No,0.9801277501774308,0.0198722498225692
4144,No,Yes,0.3,0.7
2508,No,No,0.9416058394160584,0.058394160583941604
4160,No,No,0.9801277501774308,0.0198722498225692
1023,No,No,0.6282051282051282,0.3717948717948718
2172,No,Yes,0.4909090909090909,0.509090909090909
223,Yes,Yes,0.0,1.0
3398,No,No,0.9206349206349206,0.07936507936507936
4017,No,No,0.9801277501774308,0.0198722498225692
6861,Yes,Yes,0.11570247933884298,0.8842975206611571
5836,No,No,0.9801277501774308,0.0198722498225692
5631,No,No,0.6875,0.3125
481,Yes,No,1.0,0.0
1254,No,No,0.9814814814814815,0.018518518518518517
6416,No,No,0.9801277501774308,0.0198722498225692
2773,No,No,0.8503401360544217,0.14965986394557823
4845,No,No,0.9801277501774308,0.0198722498225692
6680,Yes,No,0.9416058394160584,0.058394160583941604
2663,No,No,0.7021276595744681,0.2978723404255319
2286,No,No,0.9722222222222222,0.027777777777777776
1578,Yes,No,0.9722222222222222,0.027777777777777776
2204,Yes,No,0.9206349206349206,0.07936507936507936
5080,No,No,0.9814814814814815,0.018518518518518517
6585,No,No,0.9801277501774308,0.0198722498225692
1619,No,No,0.9801277501774308,0.0198722498225692
315,No,No,0.9206349206349206,0.07936507936507936
3679,Yes,No,0.6864406779661016,0.3135593220338983
3704,No,No,0.9801277501774308,0.0198722498225692
5748,No,No,0.5714285714285714,0.42857142857142855
163,No,No,0.9814814814814815,0.018518518518518517
603,No,No,0.9416058394160584,0.058394160583941604
1207,No,Yes,0.0,1.0
6107,No,No,0.6864406779661016,0.3135593220338983
6655,No,No,0.9801277501774308,0.0198722498225692
5718,Yes,Yes,0.2978723404255319,0.7021276595744681
4756,No,No,0.8561151079136691,0.14388489208633093
6190,Yes,Yes,0.08695652173913043,0.9130434782608695
6951,No,No,0.9801277501774308,0.0198722498225692
4781,No,No,0.9801277501774308,0.0198722498225692
554,Yes,No,0.7559055118110236,0.2440944881889764
5122,No,No,0.8503401360544217,0.14965986394557823
3753,No,No,0.6864406779661016,0.3135593220338983
7031,No,No,0.9801277501774308,0.0198722498225692
3517,Yes,No,0.7021276595744681,0.2978723404255319
3441,No,No,0.9801277501774308,0.0198722498225692
3050,Yes,Yes,0.2978723404255319,0.7021276595744681
5356,No,No,0.9801277501774308,0.0198722498225692
153,No,No,0.9801277501774308,0.0198722498225692
6,No,No,0.7559055118110236,0.2440944881889764
6481,No,No,0.7857142857142857,0.21428571428571427
3109,No,No,0.9801277501774308,0.0198722498225692
6159,No,No,0.9801277501774308,0.0198722498225692
4430,No,No,0.8561151079136691,0.14388489208633093
96,No,No,0.9801277501774308,0.0198722498225692
1783,Yes,Yes,0.08695652173913043,0.9130434782608695
2701,No,No,0.9801277501774308,0.0198722498225692
4070,No,Yes,0.3333333333333333,0.6666666666666666
2748,Yes,Yes,0.3793103448275862,0.6206896551724138
3241,Yes,No,0.6864406779661016,0.3135593220338983
325,No,No,0.6774193548387096,0.3225806451612903
5797,No,No,0.9722222222222222,0.027777777777777776
6964,No,No,0.8756218905472637,0.12437810945273632
451,No,No,0.8561151079136691,0.14388489208633093
2329,No,No,0.8354430379746836,0.16455696202531644
4824,No,No,0.8354430379746836,0.16455696202531644
3720,No,No,1.0,0.0
3970,No,No,0.9801277501774308,0.0198722498225692
839,No,No,0.9801277501774308,0.0198722498225692
3966,No,No,0.9416058394160584,0.058394160583941604
7033,No,No,0.6,0.4
3803,Yes,No,0.9416058394160584,0.058394160583941604
4825,No,No,0.5416666666666666,0.4583333333333333
2503,No,No,0.9801277501774308,0.0198722498225692
4389,No,Yes,0.3,0.7
4758,No,No,0.9801277501774308,0.0198722498225692
4327,No,Yes,0.49056603773584906,0.5094339622641509
203,No,Yes,0.49056603773584906,0.5094339622641509
3064,No,Yes,0.0,1.0
2351,No,No,0.9801277501774308,0.0198722498225692
3155,No,No,0.9801277501774308,0.0198722498225692
6991,Yes,Yes,0.23076923076923078,0.7692307692307693
2911,Yes,Yes,0.08695652173913043,0.9130434782608695
1664,Yes,No,0.6774193548387096,0.3225806451612903
5729,No,No,0.8561151079136691,0.14388489208633093
4577,No,No,0.7021276595744681,0.2978723404255319
2860,No,No,0.6774193548387096,0.3225806451612903
5177,Yes,Yes,0.4351145038167939,0.5648854961832062
181,No,Yes,0.4909090909090909,0.509090909090909
4877,No,No,0.9801277501774308,0.0198722498225692
4737,No,No,0.9416058394160584,0.058394160583941604
5615,Yes,No,0.6864406779661016,0.3135593220338983
344,No,No,0.9801277501774308,0.0198722498225692
6125,Yes,Yes,0.11570247933884298,0.8842975206611571
1878,No,No,0.9615384615384616,0.038461538461538464
1834,Yes,Yes,0.4909090909090909,0.509090909090909
4508,No,No,0.9210526315789473,0.07894736842105263
5499,Yes,Yes,0.42857142857142855,0.5714285714285714
5891,Yes,No,0.8756218905472637,0.12437810945273632
4491,No,No,0.6864406779661016,0.3135593220338983
476,No,No,1.0,0.0
1607,Yes,Yes,0.25,0.75
6808,No,No,0.9416058394160584,0.058394160583941604
2962,Yes,Yes,0.0,1.0
3955,No,No,0.5454545454545454,0.45454545454545453
